address,FWB Pro Balance
0x660f6d6c9bcd08b86b50e8e53b537f2b40f243bd,"355,757"
0x6b9a9c31214fbcb2265e2a6331e5b8487217503f,"100,877"
0x6c02c0ef6aedae056d0a99571f522f9e8f24f40c,"73,333"
0x523d643e3d7c455d043ee11b51bc8ec08f6ff474,"44,376"
0x657fe127761a389889d7643bad522bfe51297c54,"25,282"
0xe85d3e67bd6912c411541d840bb61f7318c0261e,"12,884"
0xff65c4e5e17faf6c934238e956f0c804bca2436c,"10,163"
0xcf0a6afe5320654037fd5877f9cec0656d594e70,"9,737"
0x6c84fed9b1944b5ed1815c290dc51496d7b4e157,"9,677"
0x2e10fd3884dce04f992a3b68d52f807014b41237,"6,081"
0xaaa8a090e78724c8e3f3de407205fff160017568,"5,977"
0x756678bd0d2358d2198511c3adf50502fdf45597,"5,883"
0x4b32d78acec254fa06d2d56e85c2957e71424900,"4,396"
0xaa92c6fcb70e54fe6c9efa9f12e88516dcd05464,"3,652"
0x876aba8dc1c60cc57f840e3b283b62948a02d532,"3,516"
0x0d610b788a324d3372641a9b7f1ee9f42e83f73c,"3,484"
0xea5b8c533745c6f59e112614d71c39cf692fcc99,"3,452"
0x2400647613334980c62bda03af83534b976e487f,"3,321"
0x034b60cb3f581064b24a4bd1e896cbc253fbe965,"3,300"
0xb39a88a6a0c84cf84ba2d47d397a22ce1ef7b801,"3,143"
0xe40cdc8175de3e75e87f4eb998f109d7992b82c6,"3,000"
0xbe734db7e0be22a7d2370ff6b495de2e6c40f800,"2,990"
0x8bca1b661c1e0715d7a456f50e5b34e555376bda,"2,830"
0x6d0ad2394d71097fff94c7eabe659929eb02db90,"2,814"
0x4b85c3f0e56ba18714a966c4f56e08c413070904,"2,755"
0x4b2de0cbd1301c7155515dec509cb97c3b9ae77c,"2,749"
0x48a63097e1ac123b1f5a8bbffafa4afa8192fab0,"2,686"
0xf5b96fc090a491c861c601f2b051fae552194aa3,"2,541"
0x2cb4796a206a6e51f7e8a3c6f5b5143b9bc28fda,"2,506"
0xcab532dd7a22784afbfed080705f377e20b647e8,"2,422"
0x80c939f8a66c59b37330f93f1002541fd4e51aa2,"2,368"
0x818e715b3f3a885ee87d1256a39c933e3970c390,"2,290"
0x37bd0ae78dd5cd338d6e80b5c87b6f8e38121297,"2,232"
0x9007e386e89eece958ffa5152cc0a37b2f28012f,"2,191"
0xfb2a8333006e8fc0bdfaf81ec3aeb9ca09fe5aa0,"2,128"
0xff8a662fab0745a5032ccf326fd14b235fa88c2b,"1,982"
0xece772fe6bb5e9869c12ecfa94f5a6b463ee6cd7,"1,968"
0x99d1620dc1bfb6e50d6d43027be96b91b7eefad6,"1,940"
0x36b2495097dd42523bc2962873c03643157d72b1,"1,925"
0xc63fc0ae83555e2553762edd887433573f77cfc2,"1,769"
0x5743c8aa25794a7afe9ad987df8488120d15524e,"1,740"
0xfdc6a17917115498a3ed417d4a89224685f26ea3,"1,711"
0xfd2ee19a408c87f68ca8881bcc218707777c1b72,"1,694"
0x2088cae0681482543910ac361828a8af3f820bc8,"1,643"
0x76b687cf4e5a4e73fa3950d6cc642bcc64e40b88,"1,631"
0xf3f7d166936c2fcfdd4f97374e994d228a93c27d,"1,605"
0x56b721068930f62548dd2f6186da47f8034a733a,"1,475"
0x8de3c79efb0a3bae779e2cc5b6f5023913fca547,"1,420"
0xd1141dc5cb2307b7f83c973cfe72e4f318d47e36,"1,389"
0x94518da64ccc83cef38aa8eeb0c0e28dc181989d,"1,380"
0x7864aabd2941ff47eefc4d3c50246c4b3fa475de,"1,357"
0x4a61d76ea05a758c1db9c9b5a5ad22f445a38c46,"1,343"
0xf472f2227847fa493866d9593fdab8339c30b656,"1,282"
0xa0d884d99316d14d7727a6a9223a8266a4595468,"1,263"
0x21af5166e41dc3371d062131af9d6a25e0f5c7d1,"1,261"
0x914e08cfe2fcc0d9851b176f276e58921119fb06,"1,167"
0x60fb09c856ac443c9e6b96d8f6db4d474bb4be80,"1,141"
0x76e10f5bdc149326d7bf50fb9f536ea045bb003b,"1,139"
0x9908562494a08a57c1a58275a7286ad0f885acb6,"1,127"
0x5342f24c255f320f366f0c75af4f8759142cc131,"1,099"
0x625d6405dcac9c82f4b681a131d9182115448f75,"1,084"
0x99391c6f4d33ddac56e0856db4ef0013851031bd,"1,050"
0x083227628a8ce4b78ac244ffd140392393024242,"1,040"
0x013123d304b5ed2a0fb26b0af5edcb688f8934d3,"1,036"
0x2d2f9da2065741213e47b6d06604cd176817be18,"1,026"
0xc479ec7bee50136c8fec7a6d2e98b2f4b08c0930,"1,009"
0x2f5eacc0855b4970e4c57bd04a8bb8d985a5213f,"1,000"
0xd8ef84aa0fc5f51fe13ff7153aa60f3679de835d,"1,000"
0xd912c21ca7c215594ce55de8080a8cd6b7a0216c,994
0x35e3564c86bc0b5548a3be3a9a1e71eb1455fad2,943
0x282fb599d7e3d9b5e906e88448a30c60b497129f,941
0x11bfafae971d6e3964c59b44e504fea6dbb34457,931
0x49307d775728daf1d4736ab762de0cefd035e323,911
0xb67550551a07ba65d5f193b485fab8ec56f19cb6,897
0x0ef4106931148c5941c1ddde734a26e43c30b023,888
0x5a6639b0401efd880db0862bcbcfa964b39141a1,885
0x05b385698f1a85ca1bba88364eb55971d0e60ef6,880
0x4e98ad75f81894f592f5421d860f4de6edb1221b,864
0x80fb5880f38185661962e475ac1557817dc9faea,863
0xc2b641bb3b0caae2cd078c4a462f185e40169898,859
0x1b48fede19a4644a01f873082ae694d7a86068a1,851
0x4003c7950993db89ada86e34e7b7cd4b75be72ce,850
0x794eec7c4b0e65702a8a9e91801e57a55b8ddb5b,847
0x9097cdff0329382df4a17e86195cc664385656cb,843
0xb65394e333ea64b2bbe119c4c33d9821c8fe6c1f,832
0xe4274bfc32979c184b536398947cfd78d6982be1,832
0xc7e841d5aafecb242b0a72b3898776b69b13e993,812
0x241c51a5f3492b9085e0421c740d9bd603b55731,811
0xc9b1b5761db32d810fa1128c7e2389c171ee395b,786
0xc4798b79d22630cee83b4ecb0fd98cd5ff0fbb62,782
0xc9fdde1e952d3518a0a613f0b1381214d73c0da6,780
0x348b155c9cabcd10a514910a629f9964646d3082,775
0x35a214b13c9e223b8d511f343ac8fa94293233a1,767
0xea853f862cf80460224a62343c3ff521d15bdb40,766
0x68a7ac13477aad590982293feeeb786a00276cf2,763
0x9bda29ae037faf29594136a6f6db197ac580748a,759
0xa8849ed8e635e8533f61321af361cb78ee0aecb0,758
0x210311d6ce98004eb52755737809daef187f77d1,754
0xaadfd5dc40fc365f3a89a0cebdae493b6b528cdd,736
0xe36230acfb2b70f3925c404f613bbf84c7a4854b,723
0xe13374eb1714c48590a86d26e662efddc2409296,718
0x4df134552e00b230bd255383584e44536652a18a,677
0x1c0275e8a5e120a230f07b91f706fda323c7814a,671
0x1e341aa44c293d95d13d778492d417d1be4e63d5,662
0xbed1127b5acd736943dd006e7214e2c31713035c,660
0x26deaef6819ccd09c2603c9d12a632d3216c497e,650
0x6ee069db6e81527bf7ba26e536913a166fba1352,650
0xa207ac236dfdee6f885d0cc1d0c8100b46fa91ee,644
0x3815595252350ceed3f390c123b75a0ccd606afc,644
0x20b48bdf395232acae5d6e3b345c0f107ffa8abd,633
0xf2353ad0930b9f7cf16b4b8300b843349581e817,628
0x27489a41589814b3ad893f6548c2f4a2488b97bf,616
0x33ee1fa9ed670001d1740419192142931e088e79,615
0xfb500e44e6ace7b39200d9cffdcb68b658bf3377,613
0x13e823dfa1aa8869265600b229b74055c5c700f9,612
0x4f99aee4cbb8874249a9a422c31226d9c33b726f,604
0xf35880094dc18df096891e4ccb51212d00311b86,600
0x2544d62dee4ab7c6b69b0a8ff8a25708d5a9a8ea,597
0x1d14d9e297dfbce003f5a8ebcf8cba7faee70b91,594
0x72783a26d63561bfdca7334276fcdd807f5240ab,593
0xaea5b623ce1b17c7d871a2747850432c89ba7ff6,591
0x3f7707f924ab242b4f6f6880d20905c03a25ea98,581
0x08d5450a4bf45d1f8a86ef3e9ae2e618760e917c,578
0x13fd881ee1550262da6af6ff2fb0e8d53a989704,573
0x26250d5b0265a9df5f59b9086cab1095254d38b1,569
0xbc68dee71fd19c6eb4028f98f3c3ab62aad6fef3,567
0x4846b8f9d56a70d38011f74af0397fd2cfd37508,563
0xb683a2056526162c4771d363204af41ea8c1ec52,560
0x7f9039a4d0131277aa029e5b9df6098043c73ade,560
0xb02bf3764aff1c77522cb6c288c3c58833e6ce63,559
0x4eba852954768a9c1e32f9d5edb2419b24fc3100,557
0x58a6f273d28d8ccf9dfcd81a5696f2f64081b6a8,548
0x673660c1345f88d985c4e1ce59804c7b920dc419,540
0x0bf0950914430c32142dcfaf0626698f701a224f,533
0x9293fa83e3420eeaebd99bc572b4da0435aaddba,523
0xf65ea56e3b67f9d11676f588366e64261bfa2bde,508
0xf4ef6efdb734a131da909c50d75a51611fd6a911,507
0xed0f30677c760ea8f0bff70c76eafc79d5f7c3c8,503
0x69575d84dd37621714e912818851953113d0982d,500
0xe9d4e436e51648c5d8d1b90667c17ba069b40caa,500
0xe83d30715569fa0ef6744e96c7103cc410b82e09,500
0xe104d18d18359f00778d79f49d7a51d71c071bea,500
0xfbee0430185cee5495f4e2c11e5bc3aff2da9be5,500
0xd7371f6dbb3ef71dc4c2199ca03cea9d5218b844,500
0xbcfce76f0c44bcc31696655de5eb2e5179d172bd,499
0x5b93ff82faaf241c15997ea3975419dddd8362c5,499
0xf0365a7958bc523258d229d4728ca12ac4ef139d,496
0xdd11909d57081842b2b9f6d7c760859b6eebbaca,493
0x311374cdaaea279e78a2356151b72bda051f1e8e,491
0x6d1a91621f20396f7dfaf1d1d2c4f224e944b440,486
0x44b0a2e6e879a88fd1fc19b670970ba9f6024e2f,485
0xb8dc9d4bbeb6705fdba1f89458a4bc2a2066a6c9,483
0x37a41ed023207c94049db7c24489c2cf69dba8cd,474
0x55fd45e3a0293f487cd881809d6063427ed4f9f9,473
0xcf3c8d8fe76d0e5843544b1ae305452170db316f,473
0x449b824730eeb34ef524ed68b304977b7029bbb9,472
0x54af3f7c7dbb94293f94ee15dbfd819c572b9235,471
0xadffc7ff3e937e3d7a34e989fac05fe06cd0fc99,471
0x067ef3c16f47cca6a3acb5942c6d4bc89ed0a8b1,469
0x4a52d83c82c0ffd809aa2a24fa9e1949033e14c5,468
0xfacef700458d4fc9746f7f3e0d37b462711ff09e,466
0xfeb410e847199b759aaa836fca26920e82f6317e,465
0x91b67abeb73e22f243e79ba57bd79d65c76803ef,465
0x1f2d53f3ec203f8f7e05af8b19f7cca4770535d0,463
0x518201899e316bf98c957c73e1326b77672fe52b,462
0xcef2ad95c9698950741d5aef13002a8a824de6e9,453
0x8d1b7dc54b9fe7dfb2cb8ae7feee9ac63feee3eb,453
0x2a792fd46d16a5e2be71508047bfef1b58a74fae,451
0xcfcc816f04f0fcc139acf187636eca3383d847ba,451
0x897e45379af7b0a01c94e2e391bb1facf787fcab,448
0x2b053ae11104925fee42db51843875a9712236a0,444
0x2e9e430817e4fde5678e10029abdf100be2b52e2,443
0xe28b3058a2f7f251741a7289b633a902126260ea,441
0x01503dc708ce3c55017194847a07acb679d49f47,439
0x32802f989b4348a51dd0e61d23b78be1a0543469,439
0x6f09eb93cd29e936748b239895692a63875d1413,436
0x581badd49b09cbabb59a12a1f1e8383bc3b75a08,433
0xe826f1c06d5ae90e4c098459d1b7464a8dc604ca,430
0x49974493b70a5798e35bc372bc29073abcb5b5a3,429
0x388913c524a70a5039ccc4b0ef90f50a95c7907c,416
0x7b08336f515608024409a7007e93ae96531dd1d7,415
0x371a4e7a4addfce87e676d91a736aea6e64d8886,413
0x314e434cbc8ec49fe3e03c620948b7fd5a4d75db,409
0xf1087783e3f5f458fe3d9b516e6db0503e05d9ea,408
0xfe549a65df2363aa8c01b52dd5ac9a996977946f,407
0x8bcfc7a0990d3853daa69018a8e9471e0757385c,401
0x5af94a82ca028dc800a93ea4084a1f12abc4fcc2,400
0xc13c37c6a3b077ef147c750a310cde3635ac7c49,400
0xf428d602912cd42b284f35ec7ebc82e34bad37bd,400
0xb98e58cb458b5bea1d8c83c37e17893e399abdf7,392
0x9511b898bb2bf3def48b351a1c116d90d24c5aeb,387
0x584c6e833faf17bb3c293cd1f749719697d76d4d,387
0x032fb9b9d0b8658c53cf1f0227465fe27709b0ab,386
0xe5bfab544eca83849c53464f85b7164375bdaac1,382
0x3e964ce2af9c62a0946f6d2016fb9ed0fb5c7bcb,380
0x9b4437a5d9cac2f3a41dcc23ac4b14162e9b0b05,378
0x00290ffc9e9d19bda7b25c6e44d8adf55dfbf2dd,376
0x574c30f968dc3dce3f1ec5d842b9e81ff5905000,369
0xb75cc0152b4bf212ef4270516ab4909506918518,368
0xfb04c47662766d6f9714c22728dc479bdef2de18,367
0x5090c4fead5be112b643bc75d61bf42339675448,366
0xe6a3091377b9018175cb57f8b37f41263fe2177c,363
0xb0b1a464ba4f583eba9be9bf0cbfe4aad03c1502,363
0x135c21b2da426760718e39da954974c4572ae9f6,363
0xeee5eb24e7a0ea53b75a1b9ad72e7d20562f4283,361
0x80d7760d71a00035a5548c6cf07a854e0fec4e3a,361
0x399c67cd27e590584a46bd162e1e75feb1818ff2,361
0xae6461da23ed144274c65d2710ac2fdffad729c0,360
0x323d7708ac4e841362bc22ebd5d2345e124985aa,357
0x58473e9ac681c4424ca74619281ff71801d002d6,357
0x0653f05d22e5fe46f15639616e3bfd51c9060214,356
0xd2aff66959ee0e6f92ee02d741071ddb5084bebb,350
0x096234723ed2ba030a26814b46397e684278aff3,350
0x3fa7a99f4746dfccb5d62e0ac9b8973e7a6d9acb,350
0x7f9c8843926de4b2ea6cbf9381f9f2fa81c58ed6,345
0xe5cdea3204d50fe8a0a2633e3742a99b5d3e2f77,341
0xad1b4d6d80aea57c966d9751a5fe2c60a0469f60,338
0x192ae10c4703a8c6f5d02e510ab20da510e8cd50,338
0x337824be3c71ad5b3a35e92878af4cd09f94888e,336
0x0f9b1b68f848cb65f532bc12825357201726d3d2,336
0x41a10a5bce32edf31cb68d53a3618706dfe66097,336
0x197b78266b283ab19c7a48948fb05ea364b4e570,334
0x6591392332adc574bdfd523bcfd47c928c855ba3,333
0xaccaad08fbf99487b487c73fc8f67d1d8a6ab412,333
0xd63d28282eeeace4d4d2c67ebb798f3a2ca782b1,332
0xe7b8897d824c78e5c1076023508c43eace3d2afc,331
0x60bf62e7fdb0b09784a031d239522568079a786c,328
0x3041d9f13846ef57124fb2b1a1628a0fcb286f28,326
0x976d8dc2905192749d76aba38a3fbeae4e044211,326
0xc0b6ee039afa24da3472e889488163f381d7ce67,324
0x8fb07b21383d331f3752a7590b0cfeac85514a1f,324
0x9303ea8ddaf762a3a1f9a8c82c4f16fb70733ac3,324
0x93b0212fe4f3644a03a8fff9078bd8f872de055d,322
0x9a14e7045bf7dcfe6b0002d72ec1674b5ccc50e6,322
0xfcc1803a13e6a6b93d224840fa5cea477448fae8,321
0x9820c536eab55cf845f525006992540e6dd7f97b,321
0x5f0c81c1734c13d2531537f8980abe7f84511161,317
0x03c322db3f0d92ccdf6f8b6effd4031c94bed1ab,317
0x145c19c5aaf842fe81a5c8894c09462824eadaa7,313
0x62f92494bd7131243bc44109182237f0b00225ee,308
0x1ebef03483030dd746c0bba924e828ce2c0534ea,308
0xb56886b82da4d4c39d1d59c578e9bc6b8a7840df,308
0xf9d5c9a7200e1ac4a0fd41b2a3d28ff5cf3f2284,308
0x0b0d84732d51b8710476fa2b7cb167ae64c07429,306
0x997fd3533f7dca078b72c0181497a7c5f6b77b95,306
0xbe81cca2fc9f28e24ede0363ddfcdcba31ab1e3f,305
0x2e1f0c627f1d9a5eef722c7572f53c0b327e17a2,305
0xabc11a9c397d7f40dd68ad98bc908a596bec9207,304
0x718554b35360bca1eeed04f2c3bac6a4d173c331,303
0x8cd3bb4fbfdfee013af5ac9c46f0c22746b095af,302
0x1ff5a3e22340bd523d20337d29a652bc3eca14da,302
0xdbcaade685a8c5ecbf6fa3d090006e0cab10e169,302
0x38fd273c72f2309c47ee7f339040ef3f36964ba5,302
0x8a6c82fa6f58d57b9b28c3fbafd719b7d0cce125,300
0xe98ecbeb5fc8659c6a0ccdbc0a58e5a9d6252797,299
0xb57f9a920b9eca87a717a78f523b1b61068a35da,299
0xfd05766e196dcf4625fbb0ca31f9fce87452fdbb,299
0xce019615de2326d0218fdb80e4ed03c1a06fb82a,296
0x9336e96b2821a69b42e22788a9c31b6ec005cfd4,294
0xa8616cbf31db3d55ed3607a22ef17e75cb3ced12,293
0x5bac154efb33f2c77898f4e6562642216c513c0c,293
0x4733e4d10856317b18780fa677d8c363e58fd4a7,293
0xd7f3f51e2e9e7935b6102c0c81a96f74f7475ec8,292
0xfe19915268e64bec65b9ac2c0e23ac6ba2f11ad7,292
0xaab185c8a265b0f3987a98280ffef0e73985aa56,291
0x2c24ce2cac9c1807bcbb8d62ca4ba9739a1f2f4a,290
0x0d76c6577dfaf57aca33848c40e646a7288ce183,288
0xb873e51b06b2dbeb43737430d878b8f089691d1d,288
0x73eba8e4173ce8d4186ddde82fbaf123e2ad7dcd,288
0x6283511fc53c60c0a0a1848ac88ff46b5d2496ea,288
0x9e0b2f5616340d6acaf923d35cfde06c356fd78f,288
0xbbe677db4eed6db161c5dd4d2a6d72b3b95beb2d,286
0xf719d5d368da5c7006bfbb7e0a4873b5115aa11f,285
0xd812a169cf271a3d21cfbd4c83e1549dceeab467,284
0xebaae791721d9651300ca843e7da27d47dba9bbe,284
0x010983ef0bfb86c2d80e37c06bec1bb0d393186b,284
0xdc1a6074eb5139ee3ff8fab0afd80ab2533b3b0e,283
0x89a73ac011760bd1829f34a715434afcea847e52,283
0xbcef9026b7a029f83d016195d8908923f98a0b72,283
0xdd45f56bd7b0390a31e3c5ee88a200a9591bc361,283
0xb9d70d6fb25a0cd7e14e2997580e0eed4b09d26b,281
0xf7a8f04c7fe7c8a6ed692bdf5ee1658559cbe7dc,281
0x798df98e795e4cbf9076fb191f3fd6e81400e31c,280
0xf9f66e00d099517e59c243e925086460e07ea226,279
0xb5ab290e152290b6bd5bdb04e23236d3f9d4aaec,276
0x40b37d60b79202955bef5ba9eaacf2bde606d06a,275
0xf07d0b43c6dac7d1687ca77720b56b27b40ad55e,273
0x703353b2d80df40ffc9dfd7eadaeba9e25834ad7,270
0xb824ed38fd7223a63775478aad05a7f7a312647b,268
0xfacaee8fa4585bfeba2d8c014549bc0f49ab1e5e,267
0xd3432463cf264f4def759ca6f8843d47dd00b2fd,266
0x7a6c071c381a6889688bea029a85dea9db11eede,266
0x09be9ab0eb61327d26904bae69efdc6633d5eec8,265
0xae76c8e3580b381fbcc0dec9a40e8f862409c198,265
0x0523dd9456a1a7d8058bd2cbc3d9837887dfb250,263
0x98ebe133e57c5948fc26ede79672d269f7e424a9,260
0xa3c11105f8827ee592d8263cf91e367d76795f40,259
0xd8851a6fdb70b75acf96308b2d19a8e2431b3a51,256
0xb55eb9bd32d6ab75d7555192e7a3a7ca0bcd5738,256
0x5bb3e1774923b75ecb804e2559149bbd2a39a414,256
0xa9b36da931a19a7619b6bd5835a3765dccd7c298,255
0xc6427fee70a01587ac724680a4794910456d2bf8,254
0x0c26d15a610902dcdbb85f46375a0bbe6ee1a7b7,254
0xa24e93b119f12c81ec5c100624233ff6e824e3bc,253
0x9e9e81b503578015c0468f581ac9f580ef7d590d,251
0xe12bb245ae1398568d007e82bac622f555f2b07f,250
0x2ed0db8d2870ccac48b1693b9efe4341fedaecb1,250
0x2ac4833b09e65b86f90ad637d85be0a8dc168d32,250
0x35d124ce28e92a7365ac428234a6c362eaea1845,250
0x3753fa57980fd180655c281158e428ca994d6dfa,250
0x5986759cd05cb157bfdd9c4fc341697053980a4a,250
0x8be3fd8a423c38131aae0330b20ceec425e0e50e,250
0x411dd59d580f41cca9f866bb981e049290b8df42,250
0xe2f31eaef47c69c6129c4ece490cd99807bf47e3,250
0x6a3964c2cee19c02232e72bc3637fd95d6bef245,250
0x87a89626be393803e4235ff3e0ffe2d55af7b2a0,250
0xcc864943944373970c5dc23393ea7ea3d57b0aa6,250
0xf174dda2267f5141c1d2d523c53751692cc6f322,248
0xc17a778f599e80d0e0bdd98638ca0880b745b924,245
0x637f7bbf47abd6b6cf9ae2b8d728d9cf491a33f8,245
0xda22ecb2897040eb15da2a98765446ee07fdcc81,245
0xb01cc254e9b6eb2fab8669cf1643520a201768b3,243
0xc09c554831babf471acb1da44860e6861a16e0c8,241
0xf73da8677532b76fe7d63558a5d1c746d98bf3eb,241
0xf1ce0ca0edb22e5fa2a4a13a32d3dee3886180c8,239
0xd9a4693bc2d2b0246f931cd307d2bc53328cd73d,239
0x021f2378de3340b60ae0897c63148d9de427ed3f,237
0x9070cce57f44c18f3577881a39633ea392db6239,237
0xb0623c91c65621df716ab8afe5f66656b21a9108,235
0x4628d77ba8fcc7a7f2b6bd4a0363061a06e7a20f,233
0xdc5d6046e84dd4a83c75971402c0f01025946c2c,233
0xef3c9ce5181a7e0466a0548d4f11e9451bc8dcf6,233
0x572bfe1610a2513e8d7cd20b1dcda8c49314901e,232
0x531e969596e436486d8fbfc436ab19c73587619f,229
0xcc99c2d1242bdd387ee54c337c20cbbf3d990f66,229
0x5fe785b2f589c79c89dbbafa217bd7dedd8c918b,227
0x5ff1a956284be4e6342aafa92f39fad65ac1acf8,226
0x663ac2d67ce0ffe68d92d58f92fc314128532f75,226
0x173e56c814280f14b215758224de95dfcb5d29e2,225
0x5ca68b98248fa39f0bd4c7fb2a2ac3928e005a67,225
0x1948c25458cc3d57f8ce67bd2b5f84d743025ea8,224
0xd30f2888e7928b52ea5bf4cb1d323e0531afe272,223
0x6617261e5554ba6f5c6f0596c0050eccb4744095,221
0x8fead1b9c3c27e985f2a4665ab0d2f90fb10bec1,221
0xac4268707b7dc1f05a3d95d81a55e3f328d8443a,220
0x4d7c846649b7a602709666f6bbdc8b4223e6b1b9,220
0x8b0232c247610a5a86fa2c47c689e2448f656488,219
0xa90b253f7fab80fae4fad7f7f5da12829786f6f9,219
0x1d90899e3b283a51ed825dd388a6f825a89f70c3,219
0x28e5470443d09b938a81d60c9147a6e1f5841b20,218
0x87e32d4631d728d6ad7ebcd133b11febc9da9b93,218
0xf70a10ef86876ba8ffb2b44908e23c049364e735,216
0xc1bdd1e725149a533c1d56636b93ff18140930e4,214
0x65280250d7eb830422c0d8e69d6ef0522a7b8cae,213
0x28b7677b86be88d432775f1c808a33957f6833be,213
0x5d1132bfc763574145ec0eaa2d6152681e2fc845,212
0x61fd0d043d519f5a2bd05785000f30db96809429,211
0x22b7d824428d53100c8f841c383d77aa7489a5f4,210
0x69b7be0137acad4793dcaf1897475c0d3bb5153a,210
0xeaebd9a346dedf48bc4cb4fdfe4aa4940a78d038,210
0xa6d95462d4b872d5141e701f3ea9ba67d268a357,210
0x26938dfd4f89f9450a5402688a4cb1ba88e09d29,209
0x34fbee856902a492624b6c9de14cd3bc2ab678d6,209
0xa2e0b9d8a30ac16ab92d971ec651c70305998155,208
0xa6fee9b10ba7faa9e9212ea22c1be1a8bdae188d,206
0x83d3c179e7906e7f6755658c70e106f1ed3c5782,205
0x10cbaa2176b0f081d3d64c9c677adff3b9b1900a,205
0x104430ca78e6d9810bfa18e58dc0be3b6e88705e,205
0x228f9fd74f35080771a9e858f9575451d3ccf7ed,204
0x14884b6e0884f35ccb81240924c16f88c04e37d7,204
0x54becc7560a7be76d72ed76a1f5fee6c5a2a7ab6,204
0x77e23fdf8da3c8bda44be6f42898638637170e3a,204
0x91d6e260a5965a3c33d5bc4bf4adcf96c449ed2e,204
0x8a00e8358ae8ebfe1cec2f7dcaa1b4eef774b10b,202
0x08bc3d2a7c413c97ac10eb32e8af359d0094535d,201
0x0e8a2a225eb3e082cd5dee44e35048cce5fe5778,200
0x5e6a2f64ff885f095a279ca7deb938ec43c54c4e,200
0xaa71f3669de789d88aeb8df7e52403792c4aa2bf,200
0xec6f7607cd7e4c942a75d40c269dec01bbc9a15e,200
0x5317224e02947731b3799be986aaab7dbdbe1a6f,200
0x87fb7c717a4145095eb076e239bc0f8fba42cf49,200
0x9e58f25e37265a884ccbd3f48b4cfd70c4da6abe,200
0xf9963dbe9438a5ecb62e5e7c2c081c3d12d48dd5,200
0xf66b92bb9a4fda5a7b9e2b4c3446e8afb4ffeb00,200
0xe4d70fc7af37db7c5144ab005056b8b493dfae24,200
0x3b02b59a12849345dab9d4112e9d2c3bc56906b3,200
0xa91c173412015bb9742f8c84196558765231cbe8,200
0xa643c96d2048a072cc53d583390aa0137e09be29,199
0xc8bdfa6c4bbfd985e09ae76e50970f89ad8fea57,199
0xf76a0bbd40bd8c64905ce1ef625644949d0d0995,198
0xc78d55fef09278943227d0131ae919a2620e67d1,198
0x90e5b71e555b143293fdc287df05cae3de3ceede,197
0x87ea5a01a2407012eedab4cfce7a768a72dc6682,197
0xff1bec79c1c897cfaeb01f0037bd88e7eac79aec,197
0x722cb4fee79ad8d7c887da204ba58dbd14889b12,196
0x8ca62376c6d1abb560bdfc07a383ce5e17c54e3d,195
0xe2943904b89f5903b22417b89999ae08c6f72c65,195
0xe8256119a8621a6ba3c42e807b261840bde77944,195
0x5ab45fb874701d910140e58ea62518566709c408,195
0x557f3a5f58a3ddf5a017eb04ad32b709a6957dd3,194
0x3942ae3782fbd658cc19a8db602d937baf7cb57a,193
0x354edab47fdd80609d63200cb4196dd85a1cdcbe,193
0x8bace3a49a375027868cdd34e84521eed1f1b01d,192
0x89b6779936aec4298d758d0a51e8cfd3131aec65,192
0x467a755ba59267678e14e414ed214c3cea836498,192
0x8bf6bf336d94dbd9f66e85d4002db624a3c8beb9,192
0x7a69a8399740fcb54a182957181a5fca675e1ef5,192
0x80e7041b85488c0aa64eb9c3e6c326209f5954de,191
0x11de5f118cedb7096085b28ac5b5c5d320e543d4,191
0x7c99b49d329a6e15bd0afd675414c7c94f92663c,191
0xdd53363f78a9dabcff63030cd5f0d19ce0a31e87,189
0x75f20b76f7709a3dfd548cfcf0278bf56a3a4aa7,188
0x224334df82c70a3630fab4f0baddf54696fca38b,187
0x27a07b3f48de901725f75c1e2d1c150e3d07701c,187
0xfac422aa3bccc18390612fe46a84d74117c87e3e,186
0x592d7fa3b761d4eac8fc5f0f29cdbf18e9b45417,186
0xe38171c839d3ff70147829d843ee8f9794bc2299,185
0x523e5e237e6554e295e4cc8034cccb8386dc3629,185
0x8e559291dfcbd529a379f6dc76748ac99f43fd73,185
0xde3975723d5de76070ca2169ab8716e48b3b4b81,184
0x80899f961925693806570384cd35683ab5adf549,184
0xe6f98da47e4cb1b5c24530d06b15042a72613125,183
0x44278bdb69b2209461ff04289dec7f9d8c05c014,183
0xe887517cb0cd2210170b81cd3f5548570e024f45,183
0xd260d0a6949463c4486707ce6a30347300583808,183
0x39eb32d9637a32bc13db3df52c63c66d0b1dd7d6,182
0x31b4c292b4639a32a0aca72b0451499b464c58cb,181
0x80bfeeb6e564cddcf2a1e7b1ed7c5cb392b4a1da,181
0x5885ea708c64094edf3ee0b400dc6e81bdd05db4,181
0x5ca9399c004b352a432e502c71f5f7f8ad193fa5,180
0x4027b40de9b53c4bbadd56b2aed9510850d4d752,177
0x1be1a33de929b721df3d0572e91f06448770e04d,177
0x543657598f7b237ab7289c2ced5d5418551cd057,177
0xddccecf04224ad128edea53af42f480c6db7ac00,176
0x32277fd245bb03a5dcade4d4486e9337458a1bbb,175
0x6eae150316fa6a08d7ffdc26bc720db2978e53a0,174
0x2e40e6c5a91a66728baa76c717c988f170ea61db,174
0x9ca0c5ead9af50fd271c6d274d81ab1beb63f607,174
0xbfa3907828ddd3da2bb507dc61e327c82b441453,174
0x5d79444e76bf839c62fe7876623ff357b7828c38,172
0x755b6704a02271ad63f61fa28ab0181eaf495dc3,170
0x833d99a8d17349a67f83ab6337ad1cd9e3495fb6,170
0x10d6d2e343281d388291a3e02f3293aaeda67178,170
0xd814db1ebc0051585e37b2a5f542f9a674ba36e0,170
0x3a7f7a151c796c6847a0d855d410739637892fbb,170
0x9da9d93bf64e6fa8e26ca3e4fcc5546f6fdaa54d,169
0xb30367238ac1da91b0cf31bb4b0b4efb777488e5,167
0xe4d61bb27a86938ef5ac8f208b90bbec51138069,167
0x2e63e1c7fdf4a69edbd0a6045180d02faf241d4f,166
0xef8e26bcc5f0d49eabad131974bd2d4ed3782835,166
0xa7719f15cbb5139f1e5573b2c776a006ac88db3a,166
0x2ae5f36c77a736f76d61f3eec06f12caf2963fd6,166
0xe654a266c635976079c16b6607b81b490de34a48,165
0x5d9bb765c81e6cfd4c8a23d13c54943f31104ea1,164
0x21bed669811b6cb3680243e060ed034a31266202,164
0x94ff9c0e21c5df1103c0c79da4f4feca509f6053,163
0x09443af3e8bf03899a40d6026480fab0e44d518e,163
0xd2649197de0df2943ce07e99c40aafaacb39fc89,162
0xd3d1b0c86a926d305f54dabf8067c45f3b18f4f8,162
0xf7b2c2eb58a5f801119df7e9bf9f9b66c62bb011,160
0x91c4c67d3904415f6a82af46adaee6df63a760fd,159
0x43fbda77afa9f284ac29a0d0c432a6124e5b0f6f,158
0xc38ea27d19dea5063910eb275202838fd2dc24a3,158
0xc43de46162bbdd48bd5b43c1b51d751317db7f5d,158
0xcdf315327c89d423aa7a89f4094e2aa9da7e466e,158
0x173142f111468407abcd029cfbd94fc1691b3df6,157
0x8b78377936ef73e99724224654188ec6b31a3c36,156
0xdfe8beee223412f316baf2968b17527d6eba29f1,155
0xf2ee727f459af63f97c99238a0d34feae317b0ec,155
0x954d6b6a6f665acb43e709a8138bca627fb701f3,155
0xa9fda024aa1bd8501337a0dad3f74269fcc78e1c,154
0x185a6f11cd22e4980f2b3cc2de80b80d90636a79,154
0x76976a1c10b3089b56955f28d4769676573c3233,154
0x3d1eaa834416395ed1932c952030814f9ecb158b,154
0x9b8afb5f6cbd0cb9f61a2d3765acbd5a8f1b911a,153
0xcbbac906a26dc3830883d9b573c7d1245968ae75,153
0x34d60dcaae92b6307500a2dec8da288a489cf4c9,151
0x3bf0f2caac44d853be372cb0286b00ddbad98767,151
0x4beaa1570a603b4d80b5b9e56f8b21349d58e741,151
0x9e5ab99c129febb50c8aa1e7391425ec20182714,150
0x7c297ed5dc87ca7139007ec72848025db4841e87,150
0x37625f2cee38ba754ec0156ec7897ef23c49b173,150
0x3a3821f41dc36be87f7deefd7e78425f5519ee68,150
0xb9c5747e56277def127678def8cf2308badb948b,150
0x75bb94044f5f80e1367b66519e8bd7ee35f92047,150
0xc7f7ced83062217158f4fb23c6e2b097edf84f95,150
0x99f1b26494f1a60d8d4def929677f36081ccff18,150
0x19d1666f543d42ef17f66e376944a22aea1a8e46,150
0x2d3f73dc7e747fd8e57022e950f9e5b65bc8d235,150
0x1dd51528ca5b61a3f74153ef8006e3ce600f6649,150
0xd25040166eb8c27f5cbe33a5f07338f013d248c0,150
0x9699e8dbbbad1a4f3532af92fd4923ddd92e2300,150
0x4892ae6e6adf7e1ab9e5f3d2ea12a01296f6c080,150
0x6ec1cd4c6e4f57533a0ffbe12cff4f05006db2ce,150
0xbe65d6110383b5e36bbcc857f8c686e435ed570b,150
0x83ae3352f56554d497f1baf1ac42d3ce4b61a40b,149
0x1de39e2be1b95df2cf43b20f7a50187581b73257,149
0x98199e7107451473e5af629e585cd20e5f2a75c0,149
0xd2355e4f84880d0ab204c5a87e35772b6cbbe504,149
0x1bb8cd7aea50fc6373232bf45403a53502cd52c7,147
0x4d8cd0d84e677cd2e13c29c75d7673fed94a14bf,147
0xe8f892c8fd2194f2d1a029e9562b6c392fc38d9b,146
0xbd810c549c287c759ff9044efeb1712bc1a58edd,146
0x1668c9725e27bf5943bbd43886e1fb5afe75c46c,145
0xf938a9619b5ef9895ae40b757a259a2eed98bc1f,145
0x526da4c00feb603628e79418aee14a38fedc13b6,144
0x76dd26f91dd16c475353059bb673f2ec883b3ab0,144
0x8d1e9b3b53e9c8b004ed25ef567ef5e97bb60051,144
0xe7b426fc3b36cd138bf6434329105d09dfa186d2,144
0x2276534075a65680eed6cc3317b2fc19ece9ba80,144
0xbe6a8e1ddff08dd508089ae2427628e98406b1b1,142
0x8783847b3c579fd98287453ba77bfb672fec4454,142
0x22b25f31ef6243e9e8010334b7a63063cee18aeb,142
0x6ff09a9a7af5fdc5754a732f5459e466b16452fa,142
0x8d352b8de448da2a0ae9684633b80977cc428d7f,141
0x9d8d78e48bd7015575915ccce1a5bcebfd0a144f,140
0xdaaad527ef75ec502d9694425e48602b753be4ab,139
0x078e8b010c2dcbc1d386a8e3dfaffa39aa7ccb65,139
0x6abff2ae990758948cadf1f94787675ddcfcdb82,138
0x34ed38c093aecf3171fad6087afde559647ac4a6,138
0x605404298eca4eb22ac38a781c7299194be91eac,138
0x90e0e71ba8604804b965447b2ab96d5235af589f,136
0xbf44bbd0eecfcb1e22fa9ba9fcbebdc1031e8c5a,134
0x337de124ea37e31702ba33419cbea311904351f5,134
0x2e042d3b050aa6c6b048e91460fab38cfeaced97,133
0xe6dbf211c3c3143852498a31d9a24567a9c6e281,133
0x11d010118a6b11b04106000c00a040c1100b5493,133
0x9ffa3393287131d85d632d0f34385eebb7e7caa0,133
0x50c6f2619546201173ea0909b9d6ae1ce247b79c,133
0x6d5c09bcdd3eb4338af878d0b33a89ae0c0bf9f1,133
0x56b6ae8609ef719478e84c7605ae9604816d699e,132
0x0774cb7f4361c95cb28c84d71643c5f4cc364376,132
0x19847a32b0eb348b006c79c1fb2d3ae1276c6028,132
0x5bb76101a482d81c96f4aa541172e5f9353ad3f6,131
0x87b11cb8bf0052f1c9f6780d56102e4a1779db41,130
0x6dc3c158f3b05a9a16208daa1255b78d38d9ddf6,129
0xf309db5993cadb095ebfcd70128ca9a37ce2bef2,128
0x00e484da1156202e9dd341ad7ea9c908bb919e96,127
0xfb843f8c4992efdb6b42349c35f025ca55742d33,127
0x6961d01e18f54cea4ee8a67270db1b49034d5fad,126
0xd50af807a66c685c95bf60f178c1386d4e309b3d,126
0x5212e58daa2488d62a4c6a8f825d821d468301a6,126
0xc816ff7bc89a9373d2857959e1e3d35e55efe479,125
0xefc657eb34c48eb5a104282e1c21f2d880ed510c,125
0xdcdb7882172079c1a0f9e0bbe7734c4cfb4ee91f,125
0x3b7dbc53ffc04ee9a34e7a853cca2cb3520a2478,125
0x47559ae0a0c0c344f09ccdd52f93a3987409f3bb,125
0x80dfa20fc6e0b3839f1b4f8a01718f0d5f22151b,125
0x30d19d28de17bbe6684baaa498bbdf62eeef819c,124
0xb3a885616766f338d5ab1abf726a253b0122df03,124
0x710219ecefc72bccebebf6493f4593c8b9d7d6db,124
0xca1d4f8b7052b30bdf6774725f6b6f4cf2aba83b,123
0xe28128ece219fc1f33046ebd277a69af945a1b44,123
0x149eb2d5866d903c60c3efd571b01e2af23ac202,123
0x6cca31352978b1cb783ced8fc68a3bc001692873,122
0xd3ebb468c890cceef1206871f090b9fa728cd00c,122
0xd10b90125c4118300a1b235690d9356da33ee204,122
0x7d6fc0ee4aa797e091fb1f67bbb016b0dc5820fe,122
0xa492f24239df640ca613acffa14bfb0c4459d1e7,121
0xff142ef8826b4e683d32ae6a40cb82051bbc07d5,121
0x00527f1fab27d02c69fa0a273b57f0db5b43dad7,121
0xc90db485f9a669b4c42130d4e5e5edb9ccee1fbd,121
0x30200b4f0e970deba615d35bbf97d1f93bf6d4de,121
0xfe1aa5275dda4b333b1fb0ccbd7a5f14edc4a5de,120
0x175bb993faccf43f20866180deb72752c193b4ea,120
0x174d123ce1ef00eebf1026fbf061a7a58a928def,119
0xc2844f59ee6c9087789c3060c6f1c85a040ef27b,119
0xaec661a58928e60f52976f1886cd27845789d90f,119
0x77fae272a969033785a31055a2b7e03a4d4b6e31,118
0xccece84450e0d27d177c31db4aa64d95483d715f,118
0xc0f030eac8b588817f8da16b9a2cdccc6451b25c,118
0x6927295d99950f5f04fe2175ef03fd7bdffcd1bf,117
0xe9a591c83399b7469452bd73f7fd9ac14aa72465,116
0x0f9c3aee26b0d52b287b6d010c5a0aaf247dce39,116
0xb8dce88744a07baf3904bac6d9cee3d1927bbb5e,116
0x3c7d43de93eb6598172f20feb8ecfe8dec70fe41,116
0x569cdc5b765ba27076f7c68c3f435267b56f4616,115
0xd7798b3ac6d8e507d47855a48237a2f42664ea53,115
0x92878dcafb9748d41594713d0a86a435be6df5aa,114
0x2b72c6b14de6c551d7fe16424b4e88b4a562d6b5,114
0x3839acf1ee7699d1f46b1be840d8ad8317fdf757,113
0x800196a599a54004b052f97aa893b0a0f677540e,113
0xa2f1356191ca07dcc50c03465bcec0ec25089501,113
0x77a996e9f0d76c4f03e208160d07ad6f5dcd59a0,113
0x925d19c24fa0b14e4effbe6349e387f0751f8f36,113
0x6dd830200c6efa281b51a48459f86e5add5f0c5d,113
0x13b9b1491ce3825c575cee133034f0f458dbcb83,113
0x79567594fa3b123ff619f68057bc842c1ef3c0ae,112
0x6e1ad62b52a7685a0529f204a3a44753bde8b2b3,112
0xf34c06cd907ad036b75cee40755b6937176f24c3,112
0x8bb5db1cf37b4289c3e4e3443ce9d8344b49ff08,112
0x77363b9ca0f20da3f422137d6b4cf91846eb4cf3,112
0x43a9b60d1466ffa7cc0e9575e71b97c3ab7ee9aa,112
0xe06e99df1bd2f13a33a88542572367a8a34781f9,112
0x0c4c29011aa9e0547572af00ab3eef997b4fa1c6,112
0xaf58aa3ddee2a2c964afa85f42287ed2afb9e760,111
0x07587c046d4d4bd97c2d64edbfab1c1fe28a10e5,111
0xd0f2b8e7a1ac818f0c0261c05901dd9226246704,111
0x751ff169fa139ab1a90a4acb2180bbf7531e34f1,111
0x062ba5c05ce33247d014ed6f625f273ec7facef8,110
0x1051c327584c96d9a9351d372ae4e101e2413d1f,110
0x815865eb8bf8a641d6293723fc72fc110d4f1cf8,110
0x768e5ed26303ae4cab82e50dc0a99b4831328084,110
0x0cac9c3d7196f5bbd76fadcd771fb69b772c0f9d,110
0x24903eaa6f5fc729b335118cc34deb6dcb9d8478,110
0x9094b9de66790e0a5ab0e3299d38afb037be458b,110
0x53fc455b233dd970c2d2c1bf2f3fa5543df660eb,110
0x0022a3d899259f05cc86a1609b55a4116d67a905,110
0xa3239ccac20c57aa0aa66d38487e3f28866d2eaf,110
0x362b4b00cc1894a020811c94971902340967193e,110
0xfc817819552f09caf391010509aa2efed15c8fa2,110
0xe9e82376f1f251969ac845ec18ce8b291d9ba7a8,109
0xa8d5badfc2f11563c14de3a9dd3b501b55901464,109
0x97f3e6408f9679830cbf93b57b30693be566939f,109
0xfd7bd29e1050932829c1fc080ea42d7394c42847,109
0xe5c6e74ddd2cb4ad0eef60ecec97809025224786,108
0x9a9e6cfdac86a8320dda20803541b045478e219f,108
0x74c60173609d04f3d63aa35f9d5594d6af94e777,108
0x1a1ee11175e63ef18f40a7165e5c920480e7a46a,107
0xbf81337357aeb9159d86d2939f94749450615ae7,107
0x58e3961f4ba195d31179c10bb2848207b86d2034,107
0xaae0838ea72c938da5ad2e681dc68842087d7adb,106
0x99ee1d05c3abf5c93a8cec0b45847d287344cdd7,106
0xe42c80520511533faa23a576397d7a917609d5cc,106
0x5485e10b65fa16033a15d0d27db714a6062cd891,106
0xc699a274f425b7982186065409a95b117be2fd83,106
0xf76aa3df1d21b4f605f8e43e1bc18e62e9a3614d,105
0x0ddf37b5fe28ac6f4ba3a5a77a809545221131e8,105
0x7af7b0d8038c63451840cb7643c4ae9612777f59,105
0xb65d42afd2b42c78f02c4189b086aee9f88315ff,105
0x8818ff000d609e937a377ab733c674d9a61e78fb,105
0xd8748031b3b35c78fb97abc3d9611f72f8ebdffd,105
0x0e5e6f7365060ceb280f4b6cf921c56f28eb8937,105
0x06769558b7e3ab7274e9227f98fbad08cb0a2459,105
0x38d894e135400587e11b4b5217867e75b0571bc0,105
0xadbfbc36e7480e9bc73c71f8c647ae5359ef99ef,105
0xbb3f043290841b97b9c92f6bc001a020d4b33255,105
0xc986ca9476edc3c021c04e3306f9e37eed9071ab,105
0xff4304024e87b2787e4b3363701111c1c6efb5b6,105
0xcf1ce1496f4367f700e440f4707ad6fea8df1e23,105
0xef72687758e12e5ff2ed41f41878abb9484a22c1,105
0x9977babec14daae6dd6c1dbb02d3c169356aeac5,104
0x194f0fe6d4dfbf198868b1b507cd74122fbfebcc,103
0x8a9ca277540ceb209878a3a6f62c90237339e073,103
0xf0bfd2578f875e6179c9f2e8b194cb2e2b4377a0,103
0x3ba17cbdc6724b7162cc94f34b5161f63427e56c,103
0x1cef6cfaa1f5999afec6e98c21b752cbbb5b72ee,103
0xe0a0fa1a9f35a8b8e638469456d9d4a408932313,102
0xbaed0eac0d1b90cacad294f783fe545c37019212,102
0xb0210834f07360467c42f2644b262e5429bf3722,102
0xbddbd3a43f2474147c48ca56dc849edb981145a0,101
0xd97d7de64ac93cfeb6fe0e698aabc6261439b458,101
0xbf387d0187d370a464c039285d423bab19b361ee,101
0x219b90131b6ad80496921c72bae250033d2e744a,101
0x93263679c223e917ffa87c223b0f065ef41aee86,101
0xb88ba009241c4ae57a265e8bd1932e41b20e5570,101
0x5684f1c91f59daeb6cf9da054753d9d4439a539c,100
0x9bc20560301cdc15c3190f745b6d910167d4b467,100
0xd3ea4f10091290d5921b66f6d9ae26d539895685,100
0xa5e1c37ad90baacb791cfa18506224d7c50f1619,100
0x865c2f85c9fea1c6ac7f53de07554d68cb92ed88,100
0x15ecac227795409df99d2703de3478e115307bd5,100
0x9ede76512d2e4c8e00bc62ea2cb8427d86f42fbf,100
0x235f61e16221be30c022038ea5b2890a5631d0b7,100
0x91dc9cbe4be1db98ce09634b16987857d138c109,100
0x3c197d76e5a0b6c659a960212a78717f5e12624b,100
0x565b93a15d38acd79c120b15432d21e21ed274d6,100
0xe440c45a47a041a3570b854ab9675764594169a1,100
0x2d82a7f3efd28a91758f3b680abacd55b4e4abeb,100
0x0f77b6a1955171422caf61a5811c62b4e37f984f,100
0xa912d63e28ccbbadd3b81a17490ac6ba1dd6b352,100
0x22dc8114b608b6d6d6eec9ea82d4e425fc1ad3a8,100
0xc9453716f3395dd8c2a0d07ad24a445d178559f1,100
0x62cd9558a9c37c21bb50e1734f676da26de2ac68,100
0x6d9a2ec158a9bb480247769896a044e1b9567aa4,100
0x7a1a3180891194d17abffa1349c93124e0a70610,100
0x46bfb6a58dd15bfc3be29fd6476685c190b085b6,100
0x8523d28df853d8a64b5187a458abd5d9b85fb89a,100
0x63a811487f7a84ec2dfcd1851e24acd75d2431c8,100
0xb0151d256ee16d847f080691c3529f316b2d54b3,100
0xbecf9806662ab07e7cb79fddc4e358ac78f9455b,100
0x202d0b551f0e137efb419e70e1776b6d578bdbf3,100
0x6ec0db59ced17ffb1193d617b47b1bfdcb8e3a4c,100
0x55cb2b9b1a6a69aafcb7287ae0763e173d7b905f,100
0x0cffca4b93561ea8c3350699eed354a21f69e1d5,100
0xa37c6f25b743b8ae6d361b68605f5dc2d3107854,100
0x8ad7b19f25786006e0aab42644e0d6b70230c57a,100
0xb0325dbe7fa891436e83a094f9f12848c78e449b,100
0x33e536e1b620f21a6dc02e00a0f6ef7df778a547,100
0xe3af9783f001f41b88918a4d4757b17d0ee35e47,100
0x93730ce5ac9de1db9f3fbb73bf522a690629ccec,100
0x3182844f6ac0a890c3520d28285b43375fd57acd,100
0x307bd6fefa23ef232f92390d6f54bd0161011e5f,100
0xd22886236f453e9407f54cc2706b2e9c87789702,100
0xe4cbda373d6a445f83fc9125c6230ba58bc08320,100
0x6bf97f2534be2242ddb3a29bfb24d498212dcded,100
0x0d24951c51d657d6ec04984b82a1036a3a6bc491,100
0x5aafe0d5659f7d8e9af11845b249d0466e4cf658,100
0x7e5ce10826ee167de897d262fcc9976f609ecd2b,100
0xe0982e0d39eee312017c58dba76c99ca59b8a958,100
0xf6173c76d6ad9de9be350842dedfe51d63b4b00c,100
0xbe40dcadb6bf4de1c7810eca3504e5f3bea9cf35,100
0x95abda53bc5e9fbbdce34603614018d32ced219e,100
0xb90dc91805007e58b47f24c6ca9840d32f3a9885,100
0xe88663f5878dd0967c905ec8c7cc65d6d8e091e6,100
0x85d34da9db28b1ca62e29e0a68ec6f68ab4622b1,100
0x4f4834c5227f0691596fbc91e9c46d9ab7c0a3d8,100
0x68d36dcbdd7bbf206e27134f28103abe7cf972df,100
0xffa1a07b791887f75b9ed721d880d1d06cbab214,100
0x03e9206f2a1234fefad2c0b07a86b1e0f5cb8d0d,100
0xd967aab9e9d38c37e45664849be7a2985935a7e7,100
0x648aa14e4424e0825a5ce739c8c68610e143fb79,100
0xad66810a7358ad499c611d50108d0e0a8733e913,100
0x08cbf077180d45868cc04d8c053ec37025545933,100
0xb40c92e994dd597b45c51bccd47edc10709bdb69,100
0x9795fc7521fc9a3daf42b51d967add4d889f9057,100
0x8b5109d86cd37b50df35d75964c204de16dac13e,100
0x9079a0a7e0ebee7650c8c9da2b6946e5a5b07c19,100
0x677257f094e0cdca58bead00f403d7d1623272b8,100
0x3b499ac151097dc9d32e056074e1e541a1ba9e2d,100
0x78090fef20592cd00848111d4f91b0961bac1b0c,100
0x1ef55f6b00ca332d21c7a426104248b5f73ed39d,100
0x551fc3f7dca7d3d70fbb0c470ef3f6551bbc18db,100
0x69941a001733ad076cfbf8dec429a4d08d5284b2,100
0x18c63d42786c65621f6399fc96affb2e27b8e1e0,100
0x7f3eae0706c64fdef5f28daf0555d13db14c3d94,100
0xf2a05635e187b2a5fb6277e4f39ea435085f57ca,100
0x6ba3d8a521c61900ef52b757b43f86f49f88645f,100
0x8807f46ad3868c59c73d1ac65500f1d2cb3bcad7,100
0x9d5c991ad58e4cb29f443f5ab1448dba63413aa4,100
0xa8b49b5207d828c24cbc93c8df5100c69a17a02c,100
0x9f836913343c0b46771206de4018fcdd0d76a271,100
0x5bb559aae36e599fdd1af719a823c4d3306da5f8,100
0xf5ef3590198682fb18cf5d66f6601752c4e0ec2c,100
0x36df210e3ae69f637ece4af772797139e25aba2e,100
0x345122f6513329d169cff39ace8978edc3942b5d,100
0x17e758fc82c797f258f247ca199c6c90cd60be68,100
0x1434a664bbaf93ab2655fef271e5ec4a2431c2d7,100
0x6be450972b30891b16c8588dcbc10c8c2aef04da,100
0x02cc78467a8fc91fc041daf6aa23656195a97c0f,100
0x5b4e8f4e2fb7c8daace73a875b2a7c2438fd2a39,100
0xf4c8a4fe9a0ea0acb4ec9da010e6b239d2f4bb9c,100
0x69dccfaa5758f789039f6c161f466fd165d98af4,100
0x564e2b885004b686b5309af266e845fc216d95f5,100
0x7e826df5844371eb363171f8b6977f7772e043ae,100
0x5dd41275383c22d5359fdc7d783410a17abd2d32,100
0x6bf272285300fa84c11a570af142470a332f79cb,100
0x5b0ed743a0bd6c3b3bdb2c7970642f956f71fc91,100
0xac0a7656b5d62e7d54b11f8b5294ce0ac1bb7118,100
0x39641f100d99036a29c01a34fa9fbefb98257380,100
0x4c6e127c0ea78df8f4ac4169a4f055d556b3cebd,100
0xdcef7f526ed585db5e18d4e9ca60625957845d22,100
0x7137f0420565e1bcd6abec57e3c4aac05ddcad01,100
0xbde35036db84420f74142c83527d74f89f296f9e,100
0x1b78364999d5fa10086143c2ad04051177490bea,100
0x946760a8978e5340e9753023047975a49f8e0ece,100
0x61266d0ae83105ebcd9f5f0d3f186c8b720fe998,100
0xa19f1f64c8365966363f6d303ebaf60c7a0cb901,100
0xb25a5657838004321b3cf7676a34954979415dd6,100
0x972e633f5f6f62d1f2a13977f113941fcb3b606b,100
0xae3924043bfb0da880e52125b889dd111c0f630a,100
0xe729986a4b0aec7f13321c9376f1b6c7ac4f8585,100
0xd651e2c626ee210fc38676124d5007ac822ad749,100
0xb56953b52a848bcbe4d0b45d8f50b13598a2d239,100
0xccd4c202ab2cd6de8fa3158553f1c679559ca65e,100
0xb284751b1f9ef887e150753b70ce44a4a49f86e5,100
0x1634ca655f647b72ca370efd3ea2abdc762c7441,100
0x1ab0eac777638f05e233b3b9c7a424ab77fae445,100
0xb7153a50412beaeba3e9384460b75a7abcbf7d15,100
0x5ca8e2b247d4dd1505677e5ed58f1c8221a507bf,100
0xe21a8016f8bd9559a6301fc6ea00e905192abe44,99
0x11ededebf63bef0ea2d2d071bdf88f71543ec6fb,99
0xd0a6dac0d83532eff1aa6b82fbfbd0d3355bb3f0,99
0x7f361aa96041eb143ec27f65620dbd7a0ea32554,99
0xbd395d7ce71aa2747673288119ce54ed03fc90ef,98
0xcc5e34cdfb54f3b0e4b6704569ca923b2659ac44,97
0xe9d63bbb6fb1cefd03c9c410f1ee92991fff303d,97
0x1b1917ff44e5db83b3d72dbd38ad5f0dd0b2e1a7,97
0x059e822cfe96bfcdce58522138d49d12343f2032,96
0xcce8d59affdd93be338fc77fa0a298c2cb65da59,96
0xc6b69b579b94cc2e89ab37c5dd4ede3df05df04e,96
0xdae8f0c99f9e233a406647baf3052d5f34e26c86,95
0x08e76e0c53f6a0e6c5cc920bfa89af6c3fe9bfe9,95
0xd5ce947636b742bba03d5800209f74379444c848,95
0xa679bd12108fd19b9a595eb672f59b2e9ddfa559,95
0x55331f33579f5a1f00758f42c2b7fa3584274deb,95
0x4ca30facb8f1e1bf1cc05ae3aaa9ccfc07a7eee3,94
0xa60fa325b5150444d0832a00b001d5085b9755aa,94
0x893c164ddafcf5957b3c9d56ddf08105acb6e33e,93
0x88acebe0eb905df03c448c3d04f7e275a1ea49af,93
0x778f8512bd5ea8d0d6d0f53248e385c93f3843ec,93
0x8b59f5bb07415d5b407423211074e629edda370b,93
0xd2e2619bce26e41862fed72d9fbcab2c45460b71,93
0x3e60c93a666a61d20eef566380c965a50fbebaef,93
0x2647460c2c34c8a38e46328a5a7398d1fbc8d03e,93
0x69fd6f4ff4e0da5149355ab5151f4c5962a6b77c,92
0x4570472160b24e3db987ae5481ea61428277a61d,92
0x7f132d0f03744ff68042cbb9c4a1330c3fa6ec18,91
0x00a1b46319be9163b8ae30dbe506235608a563dc,91
0xe2bbe5f1538a7c1a8df82a5ae9becf978023a30e,91
0xffc5e446d5f32f7c8479b5eae4271751dacd45b8,90
0x25ce880f420424e76b09fb1378bdd48c1d47bdf5,90
0x6743d2ad0d4ea2e7c21284bcba6eed495afd5b98,89
0x1300d831c11958e36df9941181ca2597caeb6a87,89
0x21a0b6fd81ec697e326228df279f9add0d1b021a,89
0x7928e5508206fec467584ad47406b0316a014a11,89
0xb31db5486cea91e94c265b3ea296d18233a66ddc,88
0x20c8add662f7c668ab67dd6b61f143cadc4b2132,88
0xebc462355194903ad1ad32fa767b3b74d5aca278,88
0xa0f8f5cbbc7b7e445897ed762f3a65006051e085,88
0xb4c8177a1864240f81bf4897e7c08839036d0d69,88
0x14650e9f3916866722a410f7dab5d6aaf4243dda,88
0x1dda9531a83091ab954caf49335684450264b02a,87
0xb2a025788d8b9af226821db853c7ebed8ea4399f,87
0xc57461850cb66b2b8208f42de7fa2382d1276bd2,87
0x2e47e5fc5575c9b196ad3592463aaee61adf79f7,87
0xa17973f25a4a84d036cecb76c26a22d0dfa85e77,86
0x8e69a6005ffbdccbcd3869c8d486b1953ada50f9,86
0x69dfa0799d2b7ea9a498a1decc8cbeb0762489d8,86
0x92cdf3ed300d11f70f4c0c10d8b4e4b491d08967,86
0x58f953af660eb3d69a0156c18a2ac37a50d094db,86
0xdf9c1ee2197d00e6dce2e5e0173d9111ed856b1d,86
0x7facb93210623beb8c749742b63dcb59436a0d5f,86
0xf925fdaea552d36a5291335941ab7a046f960a80,85
0x8abbd6ee2f552711ba905587b58b8f15c501fb6c,85
0xe082b562b12c8c65d12187a387b06b8039d41771,85
0x2b4cc99df4ad3bc649f8da01bcec2bab9bd6b618,85
0x75e48ff8c2565cc57ddf87e82ca037fc36247831,85
0xc189585a368d62b3b423f3cdf6dab4e8d1237684,85
0x81ae02b5bbed0071fa8bf3b7539c7ba5e35ebced,84
0xc08f2b60b84c4993bf3326e620dacec661d22b2f,83
0x28b1f4aa56298bfbe6e48543593568fc2cb95a53,83
0x9365b5878aafb7c58bb93604dc8e4649d1f1a157,83
0x2ec345652b0c17d1d954a66ff08747674cb5fe09,83
0x7b233ef1455ec11da59c25bf76f0644b86ed4009,83
0x3f96d850cbf72d565963f82547d39c847076a204,83
0x3dd314744ece8a859c73167bbf91fe4644d452bc,83
0x66da63b03feca7dd44a5bb023bb3645d3252fa32,83
0x8ba2c30e36e20b49e197c984c60431ca00a3063e,82
0x878e9e63783f17031371a7054ec1bed563694007,82
0x8034dfe021f5a9a3f1c19bc19226c50b58d0450c,82
0xbd9425dd654dbb1e1804430df5723c279a0a86b7,82
0x78383b74abcf0424f149c710bbc7bb3efc598cad,82
0x927521baeba66f707a77b91910a84ff5ccf3447a,82
0x156d2893955a52ff0796d2d88bf6ab2e7663e3fc,82
0xec994a3c699e271039f7a19b20fd9259b54b1f65,82
0xd3f7278abc3685487a2500450f7d77e7921a99ff,81
0x5f652f6443d742078a9abb1c9e453ed009bb64f2,81
0xed5f007574c4a00d13f360499614c54d0c89d77d,81
0xb0c3f2c3fa2cbbaf2f7d296bd41d8031672fdaf4,81
0xab817899d15da40644470079f2dcf237eed0d004,81
0x5cdc898e4b52dfd9e50d08e144fc4e3bd128bed7,81
0x477adf27a761167484aeccbe08b9d30aaa12863e,81
0xae1e54f55cb27652cc0cf4c57b1750e550bf560a,80
0xb8b251e3d23d1beb45331c430ee12ef6fdca19dd,80
0xc7bf5da444c923aaa80d77d288e86f3246dd4170,80
0x22265f866ced0ba45d8536dbcbd50b0edf1a2d74,80
0xa9fdb73a47d56dca4cf3e0192a4d23b0ac1d6055,80
0x6bb2e6f8f4276ff0adc655919448f35e876da08f,80
0xb7545f7fbe409751f30bdf7b258b7e68c450f405,80
0x408e68023e12bfc7d29ca7d3656395d3de0749e0,80
0x19d164fec143ac78097283413d3ac582bc71e79a,79
0xb05e843b627fb3342d920ca9e15f28ee1e24f4c5,79
0x8a286b1bbfddf7296c497e99d5900005a09831d2,79
0xf089af48c0abd5fa41741c334e18083f6a502045,79
0x265226980a7f623315102a5a1108fbe2a376fbd2,79
0x915782db070b286375c4b757f63fc9a81c3e93f7,79
0x55e6e82a76ba5b2def5816ba3834f5687bdaaa01,78
0x7755829746adb086527ce7d8ad60cf4b1cbece75,78
0x527b5420e3f8496d432ccadf7340f2e687782c46,78
0x760e7b42c920c2a0feb58ddd610c14a6bdd2ebea,78
0xbc7de0087deffacc1bf9dbca9af6c46d0af651dd,78
0x84912977b668e357198cae78ba108b99cff0489a,78
0x7ac0ba405b7cb03fbd6cfa7ca7f0ae43419cdd18,77
0x877d7d5f59db66def1f67abcb1c802b22c21f0aa,77
0xda7fb316ff1389902498614bd034bc06f3db1a84,77
0x10582493ae70f54950a663cb98de7834cea6c263,77
0xc8a4960b0c6a9f16e8e6fc4f3e7f578265cc2c50,76
0x147d6e702572552c17713382bee082fa545fed54,76
0xa8672c3cef0dce305102f20ac820c921c91ff7e2,76
0xe9bc00a0df196931885c6a6c5137ab82ad386f49,75
0x72356e2b313574ac85c6943e43fac3ec2fa14d73,75
0x9c64c19af226ed98142a4248bceb4f64e21a0ebc,75
0x924b7b2f00cd12897ad18ecc9aaab98866262fcd,75
0x7827b2ce869af8d192985718674419c2c21bf850,75
0x6e197f6a971364d0b798246d8e9f748a622da463,75
0x461bb1c0c23c0ae24805c4097bc5b64593dd2a59,75
0x4db3ed72116ce253e88600f6dde9555dc689b0f9,74
0xd9d4f27c03a7ba805893ebdd93a5b0f86c79c284,74
0xfd0bbcac27a909d76faaa0aeb7dc69bb55a1c551,74
0xcc7d391542d5edc3dad1d2de3d44c3a5d6ea6ddc,74
0x8df83d8f5c82de1a6771e65be0629564761df90d,73
0xf439b8e757dbfbed6a0c3089ab916c3fd01dda78,73
0x488b51d3b4321d6311828a145c323ff95452d5a6,73
0x361d78542eda6ba901b86592df6e0ee7e3fb6ae5,73
0xea57f7e68d0a6b0034a2aa02e9e363a50595839f,73
0x4fc5a19e45de02592a4d0241869f969f68255e9c,73
0x9a5d5f6d17b9d9093f1107dd6da934c292a601cc,73
0xc8f88f23163791e56cf2002c3c892331fe098c88,72
0x4d477f1aabcfc2fc3fc9b802e861c013e0123ad9,71
0xa2f550dca9e3418b68e34e7ef7b15d7627ee731a,71
0x8a9c7fe62fbf91a9c3fb615048bf5406b139803e,71
0x850a36ef2638836f6472ac2d882a3e1a6d5db434,71
0x9baee739cf8afd78475c620278c38f48b96c23ec,71
0x1d2f969a41674805363cf050e9f3779bd1c7d54e,71
0x16a3ac17ddbac8eb1805df02b388665f0ef6ee76,71
0xfa3ec68c578d2f89df85e2960f61ced97dd3375c,71
0x6eb2b8cf51e1ac5dd9b7014bee0c4d0f6dc3ed96,70
0x2dfe21850059919f9fa9fd2037f48cdc83dab853,70
0x57d35bc1769e515fdf5a3aa889500297f7658d38,70
0xb66924a7a23e22a87ac555c950019385a3438951,70
0x26b9e5ea2d777319a9dfccdf0b18fa20f284d255,70
0xba9a9c9db475b7ec6c14ec3b529af56ba790f08a,70
0x7834626d2aa32e1ca4eaa8cd481fd0bb3eba064c,70
0xc57beaee38e016353fe7d0b871f54ccbf088e597,70
0x7d135a17df620db150c1b8009250b3ab1a4e5a8f,70
0x1fed759aaa11525f8bbede7ee0d9ea06211c049e,70
0xb5937e853d8ab16425a60dc289b6f9a57c4f394b,69
0x953750e591c92d11148a020bba02b21a6a76cc14,69
0x46aef1f4da528d1fcf08ed3168e6dd0162b0caef,69
0x9909017a0f637380af916257d05c3e7dd2f6c68a,69
0x844c696fcb91ad1095deac4b8cca0da78e8f61e3,69
0xa52b7cf0a5ba9b6ca2b590e568191b29ec07c2b7,69
0x414531e74c58b4a5c5c998b18fbe819a70d78f30,69
0x21844640138a348474064180c93ad82f50c89357,69
0x944f9fb744a35846ada376268405f49f5820d162,69
0x0f10e0064300c97412f01c63ca156b13b1dd269d,68
0x732bb7b0d099bd44b9900a8858c8f20e11a2a4ba,68
0x1c3d12a89ba4c5bd603a239b8007d9ed806aaa6f,68
0x75711a81cd276cede3600f6ee8e25b45874a7de6,68
0x2613463c6916e32243bca6e71c45f2df7ce858c4,67
0x662d5d79849113a5403af776210307a7c82a5267,67
0xfaa34133b3097703d096a93f58524f531ccf678e,67
0x0954edfdd7569235f2f55cb5bf50ecb94f7108d9,67
0xa3e2ad7999295d34d9427dcc2238d3f49d1c36fc,66
0xef4691b860fcab1f46b6a40874aafe36c3c6b1db,66
0xedc4b220f6ff6331229ae7701b37671e67ed256d,66
0xb40618ba1eb13aaef000bfe0c2b968b291dcff94,66
0x02b95bd5375ad8e6b22ebbc3a82189ec65f138f9,66
0x475aacb35fabd890649d1208ae2771fa2f7f68ab,66
0x1ba919573d46464a24e636c8966b61e947e3ed25,66
0xb054c0ac21e3f92d38da73d2bd64322dbffcddae,66
0x2213431df63f04a7250ad16be1ba6de0695e3da8,65
0x9ed5c1b24478f5069febd8359a3869f971c365c3,65
0x6f4d01f063f94e2dcd9c37866ef3df936c68a584,65
0xa3d927a3efb2964ad2581cff0131e82389fe9bde,65
0x7355308d93595a74d7f15bd134b5fdd8dd24d9d3,65
0xfcba7877677606f9a3e2c40bcfd60a31b850d934,65
0x64bd1be9c66df73ea69e6e630d4d80dd3e2629f3,65
0xf7be02dd8c88683c2c3e288c2bd3ca0919f13448,64
0x87411db6b1ca550248019af2899c8dbe476672ee,64
0xf38662385751043a6854e94bfa6c1e4dcb7bc328,64
0x733631682fe8f3d6beb0e6f8669aeba91e5942ec,64
0xd3e2e76e4ab0322614fe7aaa3be0b04bed83d0d0,64
0x0a762a79143de89af939554ecee8776f4b02dab1,63
0xd16bb266227e6efbc5142a2436dae17e2f5e8865,63
0x1b1fe144a0cef03b11184959300911118b493a9a,63
0xd93d5a43913aebde2007a975fc5783ba48675d53,63
0xdaa59b1316f37cb925611e3c95b739f815194f1f,63
0x1cb9340e308ed27185d659135102f130139fa58d,63
0x68155b7599a07abe3936cb4db51feb22b5544f2b,63
0x9387b5a08d050427f74cc9949d811eb6eaee1090,63
0xf9875c1544f2c9aeacec50fed687d984ddaa9d00,63
0x720b44fe853254f20e56654c6da4cffe1391403a,62
0x7d7b80fa01d3164bfb72a4c594937b61adb33643,62
0x8e0f466a21e2e982dde06444ac677177d4381549,62
0x9e45e28522842265b6b0f534164fd73cd77993fd,62
0xfd74a765e8b8b7bed2fbf6458a21ce90c28cd6d1,62
0x4e5db7de32773dfd852c0259aea4bb10a3a0bd45,62
0xcfb586d08633fc36953be8083b63a7d96d50265b,62
0x73a627da31a125609d22cb4bf30f1000a7a2c494,61
0xc0ffe267a0d7e8e78dfe441dfbaf3b873552563c,61
0xc7a0d765c3af6e2710ba05a56c5e2ca190c2e11e,61
0xff2957f1a7e9d74ea0d5cd9e63aa8a63d4744306,61
0x6abd0b591b949a0f131e9eefbaa1d2d679ea39e7,61
0xecbb4cded59e3f34680f311e9d6deda9e954d927,61
0xb5ce9f0158b02bbad38eb706bc3956d5b8b55288,61
0xac1ac1758d8d579dcaa6ea119c93c2d04142c6b1,61
0xa29d86e0b97090fd8823117383ea125637b2e479,61
0x7e3321cd5754bf4bee08cea50caee75fa2beea62,61
0x091f5f57a42f08a4275669f2f2c5c04b60f6ae3f,61
0x8c8024bf5f90a06cced7d32babccb934942c82f6,61
0x590b45eef7db5404cf3ae804c9ea7bad19713ac0,60
0x6fcf92925e0281d957b0076d3751cad76916c96b,60
0xc840d9d85d99c4a3ea7b0565b8420736d607c652,60
0xafafff0f65731ef64083fef84e22300a90cc25a0,60
0x7e0099ed7a5ed2bb9d046c2c95f24565cb204a72,60
0xbcfd8ddac6b8fe5144553b50790ca631b1760fb0,60
0xef8305e140ac520225daf050e2f71d5fbcc543e7,60
0x081b00eabada994b3dd5b7b1004b44138489e9c7,60
0xd7be5692548d971eb47dd7705df2998a87a2c86d,60
0xcb66a2a8f7ed1ff4001831d353c66563128e2322,60
0x3b138fc7ec06b2a44565994cfde5134a75915995,60
0x41da01ebfeaf7091780bab72a91d4aca85a6dde7,60
0xf143acd0c184edf78794f98afeeddcab882761e7,60
0xa42057b23caaba78f51c8a6f9de2bb112bb6a0ff,60
0x6877be9e00d0bc5886c28419901e8cc98c1c2739,60
0x187f8f3df0354d4a18326128b32963e70505aa0c,60
0xd9c4475e2dd89a9a0ad0c1e9a1e1bb28df7ba298,60
0x91c5fa6872f3a93b999843eaf06eb34a18a69a12,60
0xfca3f5454c1423fbe2df6f3d7a8f4c911ec091fe,60
0xeb54d707252ee9e26e6a4073680bf71154ce7ab5,60
0xf1d83de0ead95747f4ac184b36659c0d538309c8,60
0x78a040eff61eab8d9d071c3bb7439be19aafade0,60
0x03c304dbba0335adb8726a384b0302371fa3b2f1,60
0x9ca3bfd899b65ae63d684867247128ea0c6c8178,60
0x0048d02963b97445a012ad6d44bd38a0239c5b88,60
0x7c5b7c2e572522fbab5cee155d4d90a634d2de1e,60
0xa346462b8c49f38ecbf132de6abe80dadfc922f1,60
0x04ec56b0d9d353767c6f351d9586c127a032c2f2,60
0x5ad32c7aee7f06575ee0740cda8e6bd095cc3919,60
0xf695c38e1af676b8fcdb65b80e62d70e28f2b6e1,60
0x2b0d29ffa81fa6bf35d31db7c3bc11a5913b45ef,60
0xd8878cd579907ae9f111ce2a3b243a08a79ecd27,60
0xec4f4d76d062c042e27e160b5c0ff08ba154ed20,60
0x28c9c8bc9c07f0626d903f88a61e81ae08b8f072,60
0xaa6357fb63a675e6a03ba13e0c963c1cfd6a5c37,60
0x9ab19dcd2bbac5cc4fb6fa46704b11e541f5b831,60
0x023f10ba69ca8da5bac334705ae02091920506b7,59
0x3fb80007367f16ade9168a3be2fcca5c7f357cbc,59
0x793a9b7bab3b0cd3c6758114046a1c5dd51422cf,59
0x31ae5e7c03c3bac3a88890ff0665b83ad20a5dce,58
0xb6c5f15fd68c9ef5e9e3d0ab39081be32fd3376e,58
0x57a8e94d77c8775a04dde61e9329b9cb7e5390e5,58
0xcfeb7bd11cc63932afa1204814e3e21cd07e49c8,58
0x644123691d85af364ced3dbe60cb705f27cde29c,58
0x39af39cefb9a2337cce65d01c26a46acd07b069d,58
0x8da15f7e6bf20eae393d0210d0f69ea98fc8ea5e,58
0xe7717d66f26c97ed6b8bbc77b41f05d32ad45016,58
0xd32cf8ca8c2c1e21175c7cb731615a7ea9578e12,58
0x30aca5dcca22440715f67e368c53a8b9f9fc6e22,58
0x3f118ed25924bcd049494c6bd342c0d55a92aba0,58
0xd4f8bda4150ed564b07ac6561411d33edf78db15,57
0xbd2760cce51f4737c8012b60c2e511e2d99dee65,57
0x972045aafe8d205e43db5224f22ece43148d644c,57
0x8efcfa06c09efff06158d4c2e2b9be09cb97c36b,57
0xdea1781c9217355a402597eac6c24fe8f90b52a2,57
0x5aabcc061ac80f4b0798b539edff2a93c2f4a6fd,57
0x176f4af8a615432066fe7238510d94df5e22188f,57
0x0bc8d12449a90e6fb45c368278213123d88e91e8,57
0xf88593a3b58b069bcce2b50cc502c9bf8ba5b248,57
0x885c6fb3d86cb54f8585c686f96c64c5eae6df61,57
0x2d4092593ea8a866bea20ffba1825fc1a5007b43,57
0x38f2c638c639d1deef3251422740017b7cfb2ab3,57
0xceb4415f409ffe6914a26aeb204a9c98f59f4237,57
0x7473210b95750350d653c45918af20fba79238ab,57
0xa386955d28a19ce3f7123aee0a868579e5f0252d,57
0x9752021f46a8d76b8b84579bd5bce765ff1aa79d,56
0xf9e13d8fc6c8f74449a9cee1088822b817526588,56
0x082dbe065acdd6d9839d796df5f47f25e59104f0,56
0xbfd7ddd26653a7706146895d6e314af42f7b18d5,56
0x676d729dc926f494c08356e0a05de3b12cb95b7e,56
0xa7e141a762c0c166e40090e73b169dddfe5b986c,56
0x14f41a278ec4bf579c7b40a0cfadd770ae5f2bbc,56
0xa3c0f44daf771ce6c8bd13f290a2006826a87d9d,56
0x07cefca554e50140d6b77d28fc82c17b36225c87,56
0x59b33931c1b8b5d913649605daf4f88e72c75309,56
0x2388c11d0532ce92a99d16d1980cc5980cf575c3,56
0xd595634abf15938db7c1ca7e8923651434379faf,56
0x3c3cab03c83e48e2e773ef5fc86f52ad2b15a5b0,56
0x8df168a41c3a3c6be0e9208d5027ea80f2c5ba25,56
0x28b0bde3e48f5807113178ebe9bbd04efb346d54,56
0xdbaa8b3ae4409348e7159b0966641d29381ad783,56
0xba740c9035ff3c24a69e0df231149c9cd12bae07,56
0xd6dbb26c261cf669cecb144e2c149e886dfa2e28,56
0xccd9c5465fac5c0df86fd9b7d524a5949defcef6,56
0x0d23e2107fb2564343de28543545bcccc0b52574,56
0x18e0ad06bc3730e79daa5c8db8081133c9140c26,55
0xb7f4e738bb0b85ad1ecef26a2a733dc899da500e,55
0xfcfdf5cf7573cb8467a5d371419b024005bc70b2,55
0x7588d9d75bf639c6430ce6f136dc28336f25896e,55
0x8ebc684d3a50fc5b08a8c6c30ebaa15936992963,55
0x4613e20b544cb2368f25ae64ade4cf0b6be51fa1,55
0x7283eb1a55c8035c4c67bb3dc7bbcbe21acd7df1,55
0x201be631a06cc2922532acc00fe39da0f87c8985,55
0xbd9e322303fa0ee764d8efb497ca4b81589a281a,55
0x7d0a0a47919b1cf0dd1d031a4c3e5f18fc54a1bc,55
0x6d736291323ffab5632886882abce8d0b7766a56,55
0xa79083a9e5b1213e945adeb88aac45a1e6112b66,55
0x764ef1cda89af77c4458ea1b70fc65c48f3f7954,55
0xb4b9bebf8128a9f8bca4f0da32de292b8664fc83,55
0xa95ebab7617597a9a272b25330c5b3f927595bc7,55
0xf0c159ce1ac349b7fde25838fb137360564723a4,55
0x3919adc5af250da5a5fab98b8346e959f03a7e8f,55
0xfab225d23d895041b3e2d902e68c0e66b780b8fa,55
0xdba9648ff976995bd31d9ee9a76d2a95813d6b6b,55
0xa3530b41eff9453a9cc33828d8f6c3b28582deef,55
0xb3581ec37b8e76dce0da5325c79988c3dcb0d3fe,55
0x1489e86a45174413516fa90979b805e7e8889075,55
0x9583648c314cdf666f4f555299db3b36f5d5b2f9,55
0x73ac521add6681f62eff6f128bdc8bcdc16a3642,55
0xd7e4f0cd8875f35e6ec9d567ae73434ae178c96e,55
0x3bbbcbc1c0b584f61ed746096e7b67c6bc2dac93,55
0xc3ca8afdca89cc9b85b0f96985336a91c484e048,55
0xab58d477e4dce002c10a87756bf61f5c1f0351e4,55
0xb941f9b7566e7108332a9ec187d222a1cc05e422,55
0x6ef6ca72015bccb55df20dafdead4729b48f2a77,55
0x942cbea64876ff0b2e23c0712b37dc0091804e9c,55
0x8adf30efc46dac79b25032b233c4b9ebe2c9abd3,55
0xc23f97a3e8e59e318f12b9cb0846d9d53a023240,55
0x85b92faa0f0462cd740260525065f1546e03eea7,55
0x041e5e88722fa36ff7e554c20d826fc52cb89825,55
0xe6f91e5ffc6233a11fc10075d295bee7aaa3218b,55
0x4311838ae5bcf4811384e19defd864c1ad725373,55
0xb2b557cce11a9d05d4df1dcb89fec2a6412b4b53,55
0x3782c525b3af3cc31a07b68f45adb709af1f336d,55
0x6c70e5fc4e4926cd836a6f8b0645aa1a077fa605,55
0x2b9497ac9c0e240c9c682ad99c27434e8702194c,55
0x84abc5acc21276b6ceb4ed32c5196fef4821a587,55
0x0de37289ab18754a1874c1c7d66ec4b1bcf9733a,55
0xffddccb98e7bb9aa5d1c2792cb7c590f70c1a14e,55
0xdc7fcd59d149b8ac82ff2bd0e71f3e5f322e2357,55
0x885f12b525218ca9377755f9a534ce230ac5d2d8,55
0x17a059b6b0c8af433032d554b0392995155452e6,55
0xee6319fedf83891d507adb801fe3321bc38f753f,55
0xa161fc9c1d26d5bbe4b0f72903065ff1d7aee05e,55
0x6051aa6383d462f9bab2ce4fe0476d2cf159d5a3,55
0x4183d4275f8ca80cb7088fa8ee7b85d44d1c1b38,55
0xa60f9b548309cbe75bf4a9880c69c746cb7073ae,55
0xaad424dcefc467ff77e2605c3a2ae0eb8a11b01e,55
0x99ed527be6df7a8196cecfe568ca03bc08863ea5,55
0xd357f9b94a0e06e8d4e62b44052991e5b8bcff4a,55
0x3cb91a674fd627b66eeafcdf0cbcf963cede73ad,55
0xcf88fa6ee6d111b04be9b06ef6fad6bd6691b88c,55
0x50560bcac974e8ffb2ae2c359614623147a96105,55
0x8da99898c59579b5734b62b6da3fa4e3eee40070,55
0x498e2a1bcad63555c54113b200f24ae0ba03f9d7,55
0xf296178d553c8ec21a2fbd2c5dda8ca9ac905a00,55
0x8a333a18b924554d6e83ef9e9944de6260f61d3b,55
0x086389b62242cec6ad2ab16ee23054967cbacf35,55
0xea06fdb31e9388b7e4484373843aef3010446a69,55
0x392b0dff0c5a768dfb494a5165bea67225f9d7b6,55
0xf1e88de647f955b6f9c1a00868ae22815d2f905d,55
0x67fd71f7d4004d67ccec7a7e24f5a222be57e29c,55
0x04cdd1ac86edcfbe8d014858841d895532468fe9,55
0x45fc43177eb8d9105d28d13ce95133845a7d163f,55
0x237647ac722fb2160a1a423f57579a25a2ec27f2,55
0x7d0c87c3574cb72c96a128666ffa27cdecc8aaef,55
0xaeb9cadb6a4a9783eb621a8f4df1ece0ed5ff618,55
0x8700b87c2a053bde8cdc84d5078b4ae47c127feb,55
0x35c46c507cf99327c6ba03125e9ca9be7ff197cc,55
0xfe64d9797b59300f690dfdf744aff783f97e9b45,55
0x13e2ed5724e9d6df54ed1ea5b4fa81310458c1d9,55
0xa1e0ffe5b5b3a553efaf49dfe16fd78ac8cde22a,55
0xaaa10f80e9a5b7b2cdb17af1720530f95139cbc5,55
0x2fceb107c027031507c08fdc1b73cdde514ea869,55
0x9c321b65149c41d24d0f47e9cc6beef4ea8785c4,55
0x442361621cb03c92cd10455b08eb1b91602399c0,55
0x008b1ffe244bf31896c833bff4ad9009e7a0f4eb,55
0xff18298382948028f9d93c4e32be1382204022c8,55
0x222e1009895013b4a1eff402af1a618c1df4a68d,55
0x5443a08c99d82ddae621b13951efda2766df0053,55
0x0f61cc84840511e8c2079e2a55b50f9a43fab645,55
0x5a3ca3fad3785e634fde51bd782057d9abb82bce,55
0x6847c39414f57ce409004ecd7f0f97bb49738c2d,55
0xaa425dc28cdd5fd6d3a35922926301df0226ed1a,55
0x68072594c084df8b6a38d3fc7a6ec9bcebb19079,55
0xb26b5a7c4b35efa73e2343a086af55b459cebab0,55
0x516c93485c88c99a59177e84730f4f444d96ed74,55
0x766a4d31cd9d671b6e15a785b397d6175f2b323a,55
0x1be7e037e8472732581cf185e41590875240bf19,55
0x97916e27632ec5f1f4c549ba7bf4c8850344a32b,55
0xf90494e746be5674f3121c62a588dadd2b3d3d4e,55
0x9cb433a2c1b0c4b62bbb2a257a18a994a7261804,55
0xcb802a37fb3f81754cbf0b7764a7d2043644e83b,55
0xbf1b970d12a799ed458468e5c927de91f712e181,55
0x8f942eced007bd3976927b7958b50df126feecb5,55
0x40ff52e1848660327f16ed96a307259ec1d757eb,55
0xbe91c35196c8525bdcb4515e1fdf706d806925cf,55
0x9e67d018488ad636b538e4158e9e7577f2ecac12,55
0x44451dbecf57f4b1dda8ffe08eaa8811b7c08dd1,55
0x9f5340e4d4d54dd6490eeab08690071d17a1d2cc,55
0x6ee00bed073eee51b738f68cabd74cb2514bdfe1,55
0xa598a0086e053e4d90532fb1269d92901dd8e034,55
0x9ba0022ec84e92dceac90d0a22e3a857ba37bfe6,55
0xf3aefa708ab0e81dc7aa632a590ff2099760297c,55
0x0e192d80ee83a144a04ff086e9a3a5a326474607,55
0xa0d875e2d63f7770fb23a42fcdec6f063d2115fd,55
0x2a9641a006e3a14142f5dc93f4d008b2fc5fff7a,55
0xd66ce70a562bc30b203a33eaaa1163dbc303f2ad,55
0x5377a310bf07d92228fb5c4ebb56b4fcacfb62ce,55
0x00812076e9460d60e7f9af956cbda17ac64eeaa2,55
0x0287ab3366d0391225acb5daf790742bcc036f4e,55
0x522170e231d8ffd8f0de20ce22f6b36a0251d931,55
0xd58e984cd1c3f64de2279868fef2d8106f2c3ad1,55
0x76344e823341f60f323299f65251d08e2fb1a827,55
0x114883c62112c5c98fd22f09221636bdecafcc6c,55
0x5e349eca2dc61abcd9dd99ce94d04136151a09ee,55
0x88d01d4354da0d65c38b0196c4400525a5eebe17,55
0x72136712ea92bef1deac4e5a7291f7dd6f0b0426,55
0x871a956e89c294ca68b0d78a9d55746d356c06a3,55
0xeb95ff72eab9e8d8fdb545fe15587accf410b42e,55
0xcd736b2e0dfcec8fa868ae22f88ae83ceb4f2230,55
0x7a34431f12a7aefca6938625c64d03907c8c766c,55
0xd3f248c1004cab5d51eb50b05829b1614a277c8a,55
0xa5bb904a0fad170b2f64187669d7d73789b63b6b,55
0x0ae4b64ba141596ea4db72d77f6f0e87654b44e8,55
0x0fc84e15aeb7907a76a221169d80d3eb06cdb44b,55
0x29bc6c8d87d75a1b0d30baca5088723991fffe82,55
0x06cb8c8e9192e54837b2913c69e2c392b0544499,55
0xd08866c9153142c90ccd1d3105f751d060f13894,55
0x7fc4fc91f3d6062279892869b08b75298f3d9c40,55
0x27c6c1e95e5e4cc5d14b0d08e8b7fbecd954921a,55
0x31fa37b6f58fe852a0faf3cf09a22bd8b2666d7e,55
0xa9241c39b2ffad7d5409334cfdf56e56bc846b14,55
0xf181a7019d1fe967a83a2d9502bc58b9a18074d6,55
0xf3f84b2a2f8b5b9f320101c9804dc62768e228d8,55
0xd974b5c15c749b048388c425beecc3157e197db9,55
0x470084c5f2a31a35d44723bfd0a32f529ce21e00,55
0x1c4760b194121fb8068bba9e90466eafd98931fc,55
0x202ce253776e474baa9a2d0ded39304226fc28e9,55
0xa608334ef6ac0647d66abb1e4a1f9e302d14c7aa,55
0x25e68963bb5d9c8e35850d2db6ae7def8022dddc,55
0xdae6277089373d3584244687deaab76201c4bfd7,55
0x0bc75db0d11969bbea1bc48e729e747362408232,55
0x689717c0b1ab0f188235cfa487ced32feebf9698,55
0xb2a60792a886efa5422197f35d3c518557f1b269,55
0x3ce8202824fd5673788f9e014d2d37ea18c2afc5,55
0x3965667c1da9f1286645edea09c4d12d4fc67c34,55
0xd3e9d60e4e4de615124d5239219f32946d10151d,55
0x6ce21b7a9e218b18113cf65fb8cf99921c60de6b,55
0x71dd2032c472b56b1a3fc8672cd598acad69ceac,55
0x0b7917b62bc98967e06e80efba9abcaccf3d4928,55
0x8d138c01765483cb79d787ce5933f609cbfdabcf,55
0x529cb71f43c066646b111f27fa27421ebf41f9eb,55
0x4defa30195094963cfac7285d8d6e6e523c7f90d,55
0x707398cbbe6891801b0c589f19e8654a47693dcd,55
0xb4df3b128d7e4d7eb374e155fb40bbdef20e8068,55
0xa2bf1b0a7e079767b4701b5a1d9d5700eb42d1d1,55
0x3b1b770b3821678e44cf456764a06ea0a937b17a,55
0x64d9c2a1171bb16ce08a73c7786ce01ed56ae568,55
0x68e19ada86678133fefdc54a98558746bd56b067,55
0xbfdb50dc66c8df9fd9688d8fe5a0c34126427645,55
0xd4773a7b457904656aefcb4553874fb9bac5661d,55
0x4dcf001f3bd19f197c2b6e79c964ba9a7847e852,55
0x178e2dd087b66c839920f2a7719f631e0e9c8f27,55
0x8e1c5fd01a602be2305e4523afde3b1356c79ad0,55
0xbb040dc6e38e19f15fd855af42f2ac76cbfeb3e1,55
0x6ec410cd9e9c5c073bac689c6d2e231ea26e9fe4,55
0x8fcb277d4b318865345a70ae912d8949e94e0cfb,55
0xeb249f394dca219cfc0b6066d804a21a55fdc2c9,55
0x623efb272b6934323c9c506ea51869951f044987,55
0xc4287092aa5e856651c73ac646977db639813de8,55
0xced608aa29bb92185d9b6340adcbfa263dae075b,55
0xf228712d24709101a8c0b41a43f4863de023a028,55
0xb10944118bd56ba667eac4e8aded42ebd7fafa32,55
0xc40a2752256ab6fcced5a39a40c2ec0cb44f2f38,55
0xfc7092d1e9133ff09607a9eff4edaf87bd4e1800,55
0xbebb8fdcfe1be59e3da0b992aad8e141b4944cec,55
0x0ce860ac2da8b9550999b92f8dacf67862850ac5,55
0xe52e0afc097f81843e9936b563a278e0b3317484,55
0xea1bd5453e4007ee34b42bb1700a5bfc79642040,55
0xcca768585e1fa2871ddfb789ffa95c6288162fc7,55
0x7d396bf1e141dd530bd2e3d50ac20246618b8cb2,55
0x1318d3420b0169522eb8f3ef0830acee700a2eda,55
0x47b7687406a67e6a91d7d0d6e810f1b55e9aed88,55
0x2c28e13fa1cacc3eef6b90a5dced47a3459dec56,55
0x96209f5eafa47f931bc70e325dbf772bedec4579,55
0xf2f0b060795c7377dd542df84adbe1cfd94e0b33,55
0xac06cf7b326e58111956fd0dc30705c700c43a64,55
0x57e92eb40695e62f3d53a2c929be8a55e02bcb6b,55
0x3fd1ddf28f604cfe5fefa3adc38e38be2f7208d6,55
0xe1a3435b683d863bcb6c8aa093de08ed0557ee99,55
0x060253f772bb050ad5439e5c980356df02cf0725,55
0xc20d5ec5cc28c055eb72861c13a05c1ebe31cc97,55
0x7721f140c2968d5c639a9b40a1e6ca48a9b7c41d,55
0x770c8bea5c294bd0862746a332a3dceff2432753,55
0x7af06dee2080f85dd3fe7f177711fd8d2c67701e,55
0x42d5b92ec0af50d97a75bc003b5f31737f94c12f,55
0xfa8837d561c35d00574da97ed4dd3f42e0493e64,55
0x4f61e6812577d658e629460e000c7ab2e85e0cd6,55
0xf19d3e30392359440597ffe1d783ab77aebb2b4d,55
0x62d3de7b57528eb1a8c58e111280a13892cac2c0,55
0x02e7b7052e30bf0a4e7ccdb4d9e610d66e219cdf,55
0x22885c1c95643d410e1afd918d15a99fc4c6ce4a,55
0x7cb76f74ab93ef1dbdc44eaf365f2ac0b21f27d9,55
0x8b8db5b327a3d051367d78b4a028722ee06555f1,55
0xe6f5d170bd70ca5d3125c8098a0338da2bb41f15,55
0x78336f51daa5cfd03a1c3e4a76f88cc0818a60d9,55
0x33a58bfe77688c3841b28f7bb12be3e244dfc8c3,55
0xe9326266260bfc1653b3f3361045265f6c141cd7,55
0x653e430f15535b7c5c6f8ae6fc514b28a6906438,55
0x0955d2f89ddb77abd83e892c8b74e2f7f3815e8c,55
0x6954b9d1bc0ce4f2b8405513925f373ea11d2db2,55
0x356e7769c66ab74e53aa147c7d468eef508016dd,55
0xa7dcafc91e79bb38afb8fddc1e4ff075c6ae234e,55
0x776aa49b2910b5062b1c230039507d6cfa754b0e,55
0x7c451247be6eff082d59905cfccf53dddf3485ac,55
0x9babd5c4012a84ac48e472ba4fd3ce6b54f8f028,55
0xcc6f3815128b7b4655b1487fd521a79af45fa1af,55
0xffef59ed193185aa2ad61fe1c7c4afa17a8ca789,55
0xdff3e75750963dba6fc85f0e0016ebb3a51c8ff6,55
0x4ac5edcc466b99c2f90a253d7f1fd58fccce219e,55
0x5d3183cb8967e3c9b605dc35081e5778ee462328,55
0x50802a7d51a8fc718bb606a7c5a3036c95d1e8a3,55
0xc61641c59f5c459da94e330535a95df4d5faceae,55
0xf1cdbdaf9849959de3b6ede5012a52aa4aef2db7,55
0x86eb834f4d8416586a014e3adb1493b0cb3c8850,55
0xbea6a33ece6256dbbd2adb6f04d5fcbfe5054fbc,55
0x0e246f0772c4ab50af8925fe133b94cd5303a099,54
0xc4ae2703e65bd83913d6785a7b382941db406854,54
0x5db99ad283b3d5c2b1c54d42bd991ff696085d73,54
0x208e1637df9794f3da147162c561d1719467560c,54
0x9b7a2885eb10790ecce523b71f8346ef1b565591,54
0xae288bc61f9275b902a488bfc4f43b186a5404d2,54
0xe8edbe057b5c7bcf44c9dae6fd031f648b55f25a,54
0xdfee40a82276d9bcfa3c346988cc1e83a664e276,54
0x002781a27becd321d831d815e3fa386944b329c8,53
0x0ff81614c04f6fd075f9521eaac9816a2fe82ced,53
0x92353d9186a1d02be280f55c8a563762a9edc100,53
0x33e3c007d1d48e2b645c9ce22570267b0c82f578,52
0xf6e131009c2774c51f89e51f651722a072221bdc,52
0x026bc5e126e133ab2d662bae650f6abfa2ad5d6e,52
0xe913816d43de7313c7d96af48b4f242991a3ec4a,51
0xfb0fad68c6474c9621339eb9557079dbbb1065bd,51
0x1414b05e94f39afbbe6994372234b6b1ad39bf6f,51
0xde41c393761772965aa3b8618e9cd21a2b92acd6,51
0x0f44209e5695a5493307c65e56cd4c78b3c93ae4,51
0x453396b5a5cad014fff444f05ab5fecaf8774de3,50
0xdf43b5e8d105f736b594d5552134528fe409ceb2,50
0xeed8403b6513c80bfcedeb8b616796e4b91d1a0b,50
0xb4ef9a2a020c14337e7e0ef9ebad8b1c2d50eec8,50
0xc9ca00d51b5e56a065d97922fff86ff96123685d,50
0xc32e01b7041f7d3c45569d23998a1556c97491ea,50
0x63244b5f1ebcb999ea012da652dffee6653bf8f5,50
0x31205ab543853fbc4bacd3a29717ceda7b7f2ad9,50
0x756fc14f5a121c0a4eef2cdc9330046f33d1869d,50
0xc71663584ba51cd52e88d48b25783ee7d0a1b76f,50
0x0429c8d18b916dffa9d3ac0bc56d34d9014456ef,50
0xa41dfb37aca951c5d05d212d69e779dea18bef1a,50
0x81ed3833f325e1872be98c67ccb879a69345a73e,50
0x8d50045feef594e8789d6aab9adb3f0fa9233fd4,50
0x434969f514788ffabd9720bd14c4d3205bf07845,50
0x74b7c33b211d15c07e7121a9e606309f78264f46,50
0x89bd49def5954545d594c9463e181b7c3a44fba2,50
0x2b35e08b2e0e098fbcab001eedf3dab13738bbff,50
0x59c47c813a4d0438f5667f8f392031bfeff57551,50
0x6c4f54dfc0a6245201969150524d58db57a87bca,50
0xf6b6f07862a02c85628b3a9688beae07fea9c863,50
0x8b9e08ea47df9c776f558058b94af27e3f9a84b8,50
0x6ac832e09ffb79fd2a6038bbc7c7c14075dc0208,50
0x47a7ff6332941d9b617b2de61dfc36a7b34b0d7b,50
0xb9e4965f6443e196b1a784b3c9b25bbd62e7678c,50
0xfb60bbae6896fc36b1db29e1a0dacaf21aa96fa5,50
0x601e6e7711b9e3b1b20e1e8016038a32dfc86ddd,50
0x3708045c19c4d0eab69289f8bc10d4a1ff4edc6a,50
0x4133c79e575591b6c380c233fffb47a13348de86,50
0xb893d8f6779842959c1dfc3095b1c62ceaa16703,50
0x78918036a8e4b9179bee3cab57110a3397986e44,50
0x9d58182968a967531c44f0980af1f9e2860c9c70,50
0xdc9444fe4d1a1cc4cb9d14fd4f62b832fe8686f9,50
0x21f948ef3afe5406f8b2d911e05eae4ffb82ecb4,50
0x34a71e30868351ef768a8824a765e5a3aa28abd5,50
0x18bfbc081001d58c26e52f9b2d0299c0c887c9c7,50
0xafa18f05176336aaf3eb75f6db07f5473fa91799,50
0x6e2e8874f1df7c75f27db4a03c24967ef822ccf0,50
0x9fdf724bcdf9392bd4b99a1c463ec674bc891bb9,50
0x2de14db256db2597fe3c8eed46ef5b20ba390823,50
0x297bf847dcb01f3e870515628b36eabad491e5e8,50
0xef56c2e92e2764ba9e2515ea66c39bc0a33ea153,50
0x251dfd43dea979b67a2bd3f711b6e353d16c6365,50
0x61b0d91df6a1e2a35cf25f8cd0285fb5cc7376de,50
0xcee297f77fb2bc47715ef830220b7adb467b74f0,50
0x39c7451f38e9cc0d0e043b05dbaaacd94d527cce,50
0xce7aa2d3c1f8b572b50238230f5d55a78db86087,50
0xa873baa34ea1868194e5937e3aefd20dd2e549ea,50
0x78b3a256061ce71fa266c2442ed08c04a784a7dd,50
0x670714d090379c80ee2a4b52e682c7d75d294c8a,50
0x3e731ae124c64fd864e2ef7ad2336bf9fc468f47,50
0x6e9e667bb62b442497e62a7eadc92aea5cdd533c,50
0x5a4d185c590c5815a070ed62c278e665d137a0d9,50
0x1cd6cc0271156d65c04c293200ebfb4c9cd51672,50
0xf6af5d38e490a2fd5d0375d7f9dd3cbf71b60783,50
0x51bb6cba600e2e09178849e5652b1d2325202569,50
0x2436c10dbad45277f1aed3bc0ccc68a4d6deb116,50
0xdd2221777ad9514501a6435843fd84d80149a75f,50
0xc2b977be48d23f5fe810d94f03fbcd1fbcd9f1ed,50
0xb188ee1daca51ce6b58ccf8a81ce4025a714bc73,50
0xdad3fd6c9fb0c2b56228e58ae191b62bfb1bec83,50
0x621b35b50c508f3497437ae777dee70d052d6ad9,50
0xe7ffa4b2b27b7408b8e2cbee859b6f8041cbe8eb,50
0x002d91e7326e8e39d0094fad0f5214678a5b79ff,50
0x148e2ed011a9eaaa200795f62889d68153eeacde,50
0x0481ac68cc3cb70f71c537c9cc14a6ddc29881b1,50
0x24e8bb6a37774d8a0187e196beb29601ed5920bf,50
0xa942141e68013ef85e0ab54a448611dc6d8bc1f3,50
0xa05bf4e807bebcf99a67e45230d338fa24a6b034,50
0x39d1b7f2ef597166da354cb22534f680400af155,50
0x1816ca8a62c1a7c258b866d018e63c4a486f158e,50
0x120505ace3fcf1dc9eeaa6b99a2d14a9c734dffe,50
0x61c9d6c983a679b5254df25d4e895988d8bb08e4,50
0x7535da202d79ca57299918c60c218f9b779aa14c,50
0x9431c5b43219e7246725633ffdf0d448d01996d0,50
0x9407282a4702b2b76082ce06780959e9ae147528,50
0x156a4c4e0fa4f08ad0cc1a2063c67690a3ce24b3,50
0xa4d78dc729682e2e0deeca1b073a1bf9c7244d67,50
0x720b304e1f7f2ac7d1e60b03289b13a8a764f315,50
0xc2b5898292dc09a22d6694e72c2e16a254481d32,50
0x0bd43f463074e731718f970c35b3fa7c8184c642,50
0xddab8d5e4f48e8dbf797afa9aea40ea7add753d1,50
0x5a089c72cf4de3211bc9bb9e06c5076e37c2e76c,50
0x436266c46e2c2e7c8546573d72d51b96652ad76d,50
0xb9604f2656b8bd3d3cb7d55dfe4fc99c7e956cd4,50
0x731463c8fce408d280eadd9c632ff811ae7f1f67,50
0xd3dd62e5ad098d2220e3921d41494fb9754c1bf1,50
0x9346df9bfb08419a96bb85d47ddaa44b0ad0069c,50
0x0eabffd8ce94ab2387fc44ba32642af0c58af433,50
0x93de3997db81df34b678822353a9c0824cfc08de,50
0x03f05017d153aa0e00c3aec70ee85854c7d4e794,50
0x384d94537efc581e39a0a54077a879a9bca6dc9e,50
0xe2caaa4a26d57f8fc092a54b3e6b9e7e931e085e,50
0x075ad09e2b27be785c863d756096d0aebcf13118,50
0x26e8d063196fe2c8f276bf8d3cfa0ab188f2f086,50
0x68b8902c91b47b7a12dfc7f7b373bbb23a7efdb2,50
0x690524a31ce96bea837f32e43c7492f3031450a8,50
0xe14ec8f78b446ab244e5ae7c5c6b2ca4b12b62d5,50
0x03372dee0e87a361ca0af61c8503532b5358894b,50
0xf2b6887e335832e0215010e757ced3fce02273df,50
0xb359211315ebe3c5bfab624785ed3b4ec4fa766c,50
0x9ae66ac0e54a12ac61c7ecf264bccea7f2efca57,50
0x9d2b1c7e76a2987dd8a9d8271b2078399fa4753c,50
0x0c1b7cb060705355f67026b3b63df882abd1c738,50
0xfc8ea4e22fb8136d57105d4b3db9dc6b88d4859a,49
0x9fd3a691a233ee59f7b3036cf07284d1b7bfdd3e,49
0x1436dbffbdde71d16a2c4d23f9116c3158c4d984,49
0x52b91e22d412ea6d3358a2637b7ac65c809b0b4e,49
0xc155506590ad13c69c91e0807ece204a2e696de7,48
0x138c0fc33fb02cef4eb7ca75f8ccbea9a18840f6,48
0x446924c2c25ca1bcd5b5edb49abad9353f82ee61,48
0x753e0fb90ec97cf202044d4c3b1f759210f4d8d1,48
0xdda028299cd138e4cf17b57d63fd0ad362231385,48
0x8aba09586c26bd75bb8bc09cd51adf7789cfbb1f,47
0x8f4dbd030b2cf0c146690649801c7843cf01de9e,47
0x97a5370695c5a64004359f43889f398fb4d07fb1,47
0x124d8059faa2a8f4ea8d644d6215dceb0458f619,47
0x8c085fb7823204fa5a653717e57515d3368ed28f,47
0x9aba7cc2533374b3425f49a3cbd532f24aba9849,47
0x2c9e37a2f1d3c01c185d7c97aff371c332afd5ac,46
0xcfa7e7d632d8608befc2bfaed4b836f1d7973a84,46
0x30a933add6fd601d152aa4aaf7620b5e27e88888,46
0xc61676c3d4f588f4c2eb3f3cee03e84f36c8bd49,46
0x4703bf8ddf7acf99eac0cd87eec06835cb1b3586,46
0xb144f1bfd300b98e22dabd19aedbab724837694f,46
0xf3e5e4f87ef9ade55940ff5a4c894fc086a7d33e,46
0x5f43984c68e89e75eb727e935e22df4cec0b1eee,46
0x43cf92d1501e6726920ddead676a33cb3fbc1126,46
0x59a68dbc12c8c9fdeff4f89b829995e4c010dce1,45
0x0a771437ee59dcd30429dda71a1a011db8957bd1,45
0xa2762c04ba36894a11cfd2b9e93f00af2ffe6d97,44
0x8f2d17b2103a9bf5fd37332f63816cf7865c8416,44
0x1f155f3468052127c2ff340c9f05e61a19cc64ed,44
0x0b586e8986d56120603c0fb218fb78949dfef317,44
0x50fd12158601b8f785d8afcc1a44658fe44d310e,44
0x474a79797624ccff43c912a98aad2964a4773ce5,44
0xf028835245c87a1ef11385dd91b9fe3c51bc5b2b,44
0xc5e38233cc0d7cff9340e6139367aba498ec9b18,44
0x4b1ff92bc0e6be2804a75805352f0ed9438c9427,43
0x42d4c4c04495699ff4fa2e19299201ad9cf36377,43
0x3d012bb8bdc139c0185e5e1db25c0033c871cffb,43
0x6363e6d075ccd5e313e46314d9243b05e81c0d42,43
0x99896b3481e4b819b45e8dfb1512036951edf49a,43
0x97e5bc28402527276a9b1ceef2ee7feefcf7fef1,43
0x126ff5215fd8b259fafc759f3452590963db26c1,43
0xbc202e5e8dcef124350ec226872696603b34653a,43
0x845b3a579a88db012b81e0d181af1678f23f43cd,42
0x1e32f0df7da161cd510c5cffd6dc9a76509c4c01,42
0x79cd88a44e7ec0fff10a1f1b4b94378bf072ed48,42
0xda7ece710c262a825b4d255e50f139fa17fd401f,42
0x7b735857116b33594e4e37ea7f7310175b6764da,41
0xba8d698fee2cc8fb1b0a7dd578fc921bb504f9ff,41
0x2ee9e70d3adf6563157db73a864c1fc14c3f79cf,41
0x32c2ebd5442e134b22e3390e90fe7125d18aa1c2,41
0x77089f89bfe761317f8b23f950d663ca94e8dcd4,41
0x7fa13089f1481ac2673901c6c4f9ec5742074a50,41
0x0d9ec0ad66d54c4245fc8c3dc5f5263904054589,40
0xe871757d6872ccae968387f0b43eb737a5606eb4,40
0xa381e9c448ae978361bfa80e0addd6f36efbc29d,40
0xfc1d225191bc5f574609e3ccec97d33c30e0ee6e,40
0x9c0dabe03cc57569e82e2cf16860b245bb275bed,40
0xedafa372a171875f2497be30724365de3bd1da2f,40
0x2dc597b4b1040439d4da39410f0a8516f26063e4,40
0x3ff723e0029932cae81d0ae32ffed7f14d3fc596,40
0x8bca9f3016a33b1e34135d5f536e46ed541f1a28,40
0x04c8be8d6185536131413eacfe453d1c3209fd1a,39
0xe7d059756da4ba63c6bd34f0ceb3832f3dfd33bb,39
0x391596be62eba366f54f655f9163fe73e2320bf2,38
0x7dce597d43c62302a5a4be4444724a9c7b6b84ce,38
0x0f79e4b14901d4dc222976d44e14922a0535ce22,38
0xc6755550c0e59ae3073f39ae8439b24ce3ba2570,38
0xd8f87fdf6c9acdd11bb291b55b2641f2f80f5d96,38
0xccc255e7a7f3175bf40e8707490a5d1226b4b6c1,37
0xf1a6535383c5cb019a26f0164651969f9aa2e98e,37
0x27e2fb05e5ed22092ca3529ef1782c80ae91ddf4,36
0x9e1737b97b7ae54d932340104dfc7e44d246e30e,36
0xe615db2c5511fe5e8c7974543869df85388fb87c,36
0x9766a4613ce437285776241739e311a319451597,36
0x2a67b94c4324b0c64005a22ce33403ecf9ca5884,36
0x56e52768006eef33f4f1a731e7e0bfea2342a001,36
0xb39c5f412cc15a22f66dc0baf0817c196fe1ed69,36
0x11b2358e677997f463ae1f0bfb7913bcdb64facc,36
0x415dd9ba521d75172c5339962b7787df0c88ce46,35
0x468c4f120757f2c13cc1f18df636964edb6e1c05,35
0xa2a074bc5e074f0981541213cdbf8d602c043f4f,35
0x94ad60a98bc057c29e43b53e38f9fcb2c2fb343a,35
0x3a05337fcaf237259de09934e77ae91480ed7ff1,35
0x1fc372fd5db0bfa2344ba502bf0b722b741c4676,35
0x2ffdfe724437520cae318c841a2f21ac6048c784,34
0x11a7b3a19904145a617c37826c6b6722ade17cff,34
0x5e080d8b14c1da5936509c2c9ef0168a19304202,34
0x7b046b4e4879ebaffe6261b7ac02b60f9bde143e,34
0x3650099582043ed08b407241c2b1e5a23af525af,34
0x5624135c4e9d289830d3b94bea74a0f231ca1f9a,33
0xd25fa1a20b701e8b22e9c66d2702e5c2cbf752dd,33
0x4fd4833682bed5248b238666debd53188758af66,33
0x934e77205df9e9751be8f3bb028d9da6affb60a1,33
0xc50f8d853193003b08b4f6e6304829d54d219643,33
0xa9d28a6ca5f333fb501fff2675470a6215066c74,33
0x3c5fa9e47a9e5fd34e026da0345f18820066ffe8,32
0x06c6746711b33eeca36f6288e2554e82832a3ae8,32
0xf224ada45e2db91fabdb7b9a1e78eaf7d5132889,32
0x9428a3c2c8e67f7197e2726a6f08fa5e25a6edfa,32
0xfa8b3e6779e89d2f8dff70539d285cb01d258ff1,32
0x40f6452cf8c4ba6c8cec3422812e359ecaffcd92,32
0xe1e3d5b46e541ae6001e324448228f6d976c1e21,32
0xf443e4ba065657a6c628b7a91dcb539d2456ca70,32
0xd5480bb895633fc19543331673e20ac0ca2cd07c,32
0xba79c7775ef224466864f3339b02b08afff401f8,31
0xfdf850332fba850be4ac53c7b6fc2a50a9b43c3d,31
0xa1dc0d57c4c1a2559c2ceb1524796b739ba31abf,31
0xaaa488eb314d3e009fd4cfce2d0a94d3226eddd7,31
0xe2ca653e3e0926d9e4c3a36b967d8e5176916c1f,31
0x99c6fbba6644f427513283fec39516671fe15c73,31
0xfed8eac5c0a82c3291977fb3bcf1ad52e57b1b9b,31
0xdcfb55c69eb40d86e628d6c01b1e9cb6db49a1ba,30
0x6ea24f3cdddf5b88f90b73a2d7df7ad9c0f9bec4,30
0x0988a57ae47b44ff8385e1ad4c04cb929a6f1db7,30
0x51e13c4e841dd39b12e04cd32594ed910aa661e4,30
0xe01da30aaeca96ddce57cf875d9d6ea07f5b0514,30
0x3b9c9fc715b91c59daf5e6cd233eb96b1e1b8a8e,30
0xd495e3151bed39c92f5ed9bceadad9e41826e06a,30
0xdb9e342f5be190dbcdb598cbf340fa044bf54169,30
0x252f829868ac7485ad250e25062e89ba5293a591,30
0xd67e097a365aeddc59afbadcaddae9ad57552698,30
0xa33fcb45d7ea3e087dffc368a638e6a6b2becf91,30
0xddcb27e322df1496fc21b19e46a917b54b119411,30
0x0c1e4e48ef34f332539f001db6e7a21dbf43a8f5,30
0xca49d1312925ff3799e682d995fdceb325a40e6f,30
0x365595ab460cb664c77d4e038c9051f09d781065,29
0x1d596e6a109577d93e2d9b1d2d3b0cf31e565542,29
0xca4ff1437ef0cb9c99fbef45034cf979f081db02,29
0x26a174a1542b5a485c23f7209b46340789e42f43,29
0x74c1213eda337e47fb7c72a55ab03eaa1e3c8366,29
0x3f869ff28efd53f06de1ab167860799df9e03537,29
0x2d7cdbc0bb6eacc331f5c63f149bfde070469bbb,29
0x1bf662b333ce3c0a1c05bdf2ba8a7161fff52d47,28
0x6ef4873afc5f040ad886c23fe1cb81aea513963c,28
0x93314a50177484cc9a00510568e99c7fa644ed22,28
0x2b839454083ecc9e1d1d04b0afcc7174f66c7c5b,28
0xdc5b17f7e80ba5f2c06e9d04bd202d394165e093,28
0xa2b156f016b9b8de51bc6f944c1306618c566df2,28
0xd15572c345d829f927e83685a86f17b909c4860b,28
0x427c43c59006bda8c4cb2418777a366113a66a6a,28
0x8598b6e00a3d6a14501643d4054c6dd08c36eed5,27
0x014c6b9e5ee1bfd155c129df6cf228f396be41c1,27
0xe8cb80a50574b3d333aa70b921d08245eeb0db52,27
0x5f356830fdf44f1290f894ed10c381cfd7db07c8,27
0x2bc99f6c868b14ea6bde976ce5310f6115dd1382,27
0x8fc696cb2dfc23b87846d81f8d7acb3a464f09b7,27
0x5d9f09c3eea990fba4cbea5b984e232be61727ed,27
0xc85537812557605e0d90cf204e95722ced78d842,26
0xd6aa9526eaa06d462af7d0e4ec152a6c9992b60b,26
0x12c84fa74c86184ac1b5bfe67e06354d708489a9,26
0x6d4a098d48433efa827d940ffa9fc1319afbb590,26
0x9ca1ecb5b876834d04339cbb1bcd10ac3f1959a3,26
0x9adc55cca462522005e3620f34c887d1b322a66a,26
0x258bbe85de84471a93cb981ef8565d1fa7fcd11f,26
0xb3b11e6e934cbbbebd0533193aa266828ae6d634,26
0x907156d38e181f65d4d4f48099ce15bb8d2ff067,26
0x97b7e24a17494b46905ddc13fbc8e9011496e498,26
0x069deaa02bb983d35a0f3de79d0fbd57ade779bd,25
0xb4103329230db58ea6e2480e4022b577833600df,25
0x66378b97f8ea6bc68123c7d6409f566590208d26,25
0xcc1249b6fa8b9c32a73c89213f710584f8a229db,25
0x85f4732d67a27cad1e31ac266c81e6cbecd47c13,25
0x5538793f0ed24fd4ea2fcd5225a40995a8f5ac3a,25
0x8487a010abfb7225e665b06ab9f10a4cb5ef5c3d,25
0xe6ac4decf2a6e97bbf9277f24f1adac8b8f8a6f1,25
0x9ab4de88c5742b7b3d5cba493b3341c0145820ad,25
0x8ce6f0d7a68bc5a852d5e16074094374c8d3cf31,25
0x77bbac0f9340d5bffa8fdf433aff3663d87cdbff,25
0xb5c8025021496cc0a0c0201de03ebf450424014c,25
0xa8862bf3aea87cd91d8d68d35d715ed0955e3759,25
0x5a252eedfca712da923f150cdcfaa7eb737bde6b,24
0xaeaf20ace794482168f024da65ea31ace7d4c864,24
0x66cc56b384d3036b41cec9878fd66c5fae5dc70b,24
0x7e6d7e2e9a15bf16547c3fdfee51e7f6aa4395ae,24
0x564bca365d62bcc22db53d032f8dbd35439c9206,24
0x46c6eaae90e8741f3b0a32200f16f1de4a7b338c,24
0x27892a8ac2ed2b6639fea94be5ea29868359e155,24
0x4914e738fa7dd2c2f88f68cac61d7fcda4abf57d,24
0x6f8fce0b804f987df582acc63dde658fe1f37f10,24
0xa61d199ec1cc8dba46ad1d720b58ce6d9e213f78,24
0x8ec64174790656e1fce60c362bef3f58ef4e645f,24
0x8631419f940f27a691baa576e0992ea3cdf31eee,24
0x129f53781667fb64e120da5addca8301c6a85779,24
0x7aef53642e38b4d1d2adcc27fd7e23906a6703a8,24
0x2486bc5d229741877864f114b130fe4c119aec4a,23
0x49e0befc16eb46841c64cd458b6e94319b693377,23
0x342edddee349100f5d1f7488dcc694c4b7ecb187,23
0x5df9eaece2f7e0408382c0f37590132ef6390400,23
0x895c8eef6899985f42269572d084d039e9a419a1,23
0x18d66f030b6f108524915c5dc70a19498b3eb6bd,23
0x37884d416d4bc6ae8f2daebf8d7453ff79b2cda0,23
0x6ced635187173e5bcb935288b4662ef314acef05,23
0xcb309aabd74e66b6392002e07696875299dd6d13,23
0xed476730d7b180ba368561d40873aa1e7df567a9,23
0xc43055a75c28d1cd3927998557ce1f85249c1d12,22
0xb12b4cd3ee6e03cf103e886710866ac0339dd2c6,22
0xb332c80e6222968c5701db74c36a42e2dfa3c06b,22
0xe108450d5287e995c31c14b27dfa19b299a95fa7,22
0x1f369d88356001669d22a1d165e90fb5df1b2f56,22
0xeb209c6d31aeea2f6e15bd4ea47dd9070f8901ea,22
0x5a565ba1299b9d14ed0a0f1873c146a5a95b9c3f,22
0xb0cdd2d51177144fa1e4adac1a99d719195dd26d,22
0x5ea400d06afe7aebae54216adfd7a4bf5f15f993,22
0xfa45d06f58a59f2775796ea6098e780ae87640f1,22
0xc61345ffc12f7c0375f470c68d414bf81d325114,22
0x388da82a2b3dca4ee9a0def23e55d26119356467,21
0x5e424d555ce197c5c7b4aa43eb92b6868b914908,21
0xc1e84c7ec9a214a07db6d2a8fa6aa5a589960960,21
0x67a7e4215d82ddb4de17494cfa9af6a95ba6abe3,21
0x677cf112303dbbf0f0e2f9228bac21bbed8d8792,21
0xae35999709b92b4e2a74240078d9f063f195b15e,21
0x729f805cebc72ef06c7e6cf229868034fda5776b,21
0x2b6091da312a3591df6a94b24dd3c34d2b01ca22,21
0x5d8a64c571cc6b2e931f8b9a289d12b8c4a624cb,21
0x2c5325b81961effbfaff82229e08e0bebe97e29b,21
0xbee8dddc44e41dfdf2c829bd7da77cbcef2058f4,20
0xa109f448c69c6461e22b08acfb0446e6c4f7c4a5,20
0x749f93bceb1f2512481112d149c938e15fb56e1b,20
0xbc7de601eb998173dcb300465882980e1f4c31c1,20
0xbb70e2a3cc7c35b94ef9de9677dbcdb3da3999a0,20
0x8b84d54733d575256574d1afeafa0b0e612f53cf,20
0x4b8ff90e36a877ebff4d05b9106acb8b6bdcc005,20
0x787e6870754cc306c1758db62dc6cd334ba76345,20
0x92b406851390541f445b7c697014133d4b5bfce3,20
0x6ea6a87feb060f1bb55b3db4becd951cefd0594d,20
0xee66bb0d8b243488685c7bf0234ea364175e946b,20
0xc0f202f97dae9ec23d8889dcea1da5aa2184ffe0,20
0xef302c493f3ee70188dd18dd3504b711c4ba18f4,20
0xa82a885fcdc9fffaa95cfd5cb4f1c65bea36a426,20
0x09d568c376be4b8a9905e3693b3ea6dce617c52d,20
0xe783324f4f73953d6b098797258c9f0e1f57ac7e,20
0xad52e3afc2b7e0340068ae8b81c601fa814dd076,20
0x1a361e8974ad9bdec806e0e62c8e189f138e8ce5,20
0x8f155ca8effaacb06c3448cac36381354f3d1d26,20
0xaf557ddc4b62b338097de5bc433e3049557021a1,20
0x24c03dc772fba275359f197dfefbd26fdc630f2e,20
0x64585280cc41b84b2bfe19e2fff47da0c64eb916,19
0x49719a1e1193c77efeabe8398847e6d0a7b50d85,19
0x2b473732fdd9e90d2bab7433da2ee55cdf6b0248,19
0x80dd1bfe779b3776c6b8574cc961d9de4e327eef,19
0xb12c78edf6daaae06bbbd7cdc9cca789ce99b9a4,19
0x9c32c5cdf75777c05a9c5d28c6e893ac499e21b6,19
0xf31b774f3aed19801b39bd55ba3fef9471cc5f94,19
0x7b6e97e7f59571de728cf0aab8b1fa665eefed5f,19
0x97a46f7f48c0bf82aacb3c076b10c8379ab6b4bb,19
0x9f2c906704bc44d21e73d15277c3301af9b653c9,19
0xe65a4aa155c675bd842c0d6e8e9332afcb2ea623,19
0x5422b64d2114506833a599150666e8d100ba1ebf,19
0x0a7f3d38f666635803611650c555081f20b4b5d0,19
0xaa26c61bda972a89b98324120db968f444ac3b7d,19
0x041c63d427e1308274ead93ad6d4376c8805c9ed,19
0x31db3602dd838395645482ef3ab2babd779491e5,19
0x0f93c3f419cada918bbc80da75308917845dafb1,19
0x6340d742540feb9166c2a39f0d0a2839726ede33,18
0xeb9b8696d656a82feda75182e670b0ad21b4c3b8,18
0x07de6d295098d4ba07a1b32dc0643573abab58f2,18
0x701d8ff7c7081eb72d79740e05e8bede767bd2a5,18
0xfab9a3d37999e12252b47468d2ffd4be15936012,18
0x39333a79de6a366d202b06cbbd6f4d6bdf8fa2be,18
0xc8da90607126fdfc1feabb3b2a52a2e9206916fd,18
0x821444610976a3933d400bffd2523b499b415216,18
0x6b8194c0002ab2c1896c9a6d0e5590e8a5bec70c,18
0xd30e1f1e3473229f186319fac13d845fd2ad64ec,18
0x4d58cda252de31349afb46e62d93ce2d3246678e,18
0x1c999aae0de842e364e0895c354adb3b742de8e7,18
0x07d55f0a1d0cd2df2de0a2a931fb5072d72b25c2,18
0xa272849b9f620891bbd60213a6ab4b6fcd1e0447,18
0xfb8e644226df07b29163af23ec65d84c6e895ac8,18
0xae4eb40f56e1bcc637485d1eb34b148cd8ae42e7,18
0xc9d99a5f86889bc461533374293e824f414dda27,18
0x6a8c1bee09bacebb4dc2a1aa0421232a6b7ee1a2,17
0x5b4eb01c4a876277fd3410245707c55211239970,17
0x4ed6d0dbce78ce3cad7c9b12e99ae4fa17299265,17
0x7db334d50d96e6f45e8397d4f4ae4fb0b06af719,17
0xe4ccd529dd8ca4c575242977148b055f1f892340,17
0xc5bd647ac809e4d1dc0a8627b41f3c7f8bafb560,17
0x5d120e0929dbbf2315c97a4d93067e2dd9128ce4,17
0xb0fc303f862c7e26ff4f02164e0714c88a10b21c,17
0x320b8daf094f3e953b4e0ef9b56b77162d9b9bc9,17
0x2da01d275292af04bf0a7ff4f21c0424a9db49b8,17
0x6c02ac5b8d904ca6cd4b29b7ff18da076158996e,16
0x9d4f5f02ed060c4f9d99900438d4669f752e6f80,16
0x72687c7de3d79601421b0a1e2e9cf6b1c809c75b,16
0x0fd2647ae291ffb41c4b7c99941fd7191b94b9b2,16
0xb75e6a898f4d7dd32efea8d27094432b0f90618d,16
0xa0bf0df75e33a86c426b5fa6a957effff0c7e006,16
0x3e2615b5429a7db3218a570262b2deff852e970d,16
0x88529d2289d47e9339938f25f2e56a33c91671cb,16
0xcc27125aaed6bab6494aaaf00d4e3f50dbf69280,16
0x03b963429b6bff571a723672e4e5318e6f84403b,16
0x7df08ca54e74f80defb621c8591a6c348e329846,16
0xe5126c8be2aa978f63234c15caba561896a70c52,16
0x1bbd53b9f99494f96a6f52225e9f5715079e3aa0,16
0x7282facdb3a54f151a8869bed8875d65c313ceb8,16
0x43196c7478e3937134308389146465280bf7bc8a,16
0x4aa24d7dd60760d672b8cbc07b4bc409b4338488,16
0x521fbdebfc22a8b9911961f87a2b9d1827668752,16
0x14622a4299e5312e9229dc2f76e6a032f4e2dd42,16
0xbed324bee6023165282784c808b6b5ab7e42a79e,15
0x1ccb144b700ec726d37db38c617e154de6d9c0d0,15
0x18e4712be914deb37120d3002061007edd250daa,15
0xf2a158ff3a101533dac3cf05c187db2b0071e356,15
0x559bb9bbe4cb795f0da49bdf743bfee63c644d88,15
0x5da7351a4cb03c33e11f51841bc614d985812821,15
0xa32c06c0da9f7357137fe614e96f07a92f181b16,15
0xb66ab03ba6645baa7cb45d8a0f2ac5039bdaacc7,15
0x41ee3a1ebcab41dc1f7493e570fa9f16f5a4cd23,15
0xacfdad75c33c17d411d313e20e854835dd81d2cd,15
0x4775e625232fa6ee016619e7d020505df7944793,15
0xa24f94e2d9f30ce539b4986fc356ef3647ed1665,15
0xea0b7673bfd1f245858e38a69a50117e68fe1c0a,15
0xf06922dd2195bd0244314fadd2e98080904880de,14
0x2980d0afcff09a9bff0f3b14be9323e3886cd25d,14
0x8591b0929b9a4f220eed30b08bc2e461b93fd859,14
0xa12ff52a4cf6f9f2e6cec16231f6134df48b17f7,14
0x7c8d776a34ef7b0dff97a24f170be0f3b32129fa,14
0xba29faf969a0252bc58bab0c8b3d52b162470345,14
0x0d647dc6c15524bfd239e26a06a715831b19aa0e,14
0x69b7f94fa8961a72f472ac672693a5a117807c4c,14
0x406192a1e7854438af2bc927bdbceb9f197d9e1c,14
0xe8ed08b3239ff08caf14966a45de4305fbe0f482,14
0x7ee558c0922c4de17cea78fd3f2a1204354f8072,14
0xb37264d8f297e1439ccde3664757d2286e62cd81,14
0xc9e61985359f49bebe66c6de28b841d6b90badac,13
0x4967fc28ff2c977b4f11292d8b2ea93a5fffb1d8,13
0x4c779ebd4590dd20e6ea81bb66544ff51790d118,13
0x9d72b1e16999b456053008446b74e3674a2ee1c6,13
0xdd9f24efc84d93deef3c8745c837ab63e80abd27,13
0x22e6621eb093b5ba59572d632d9bb0b5b36c4211,13
0xe8de1c98b423b3567648a000506538c1d9f08597,13
0x3a7b56d80573ae145e694317d4b70688e1e0cead,13
0xfd57d879ad736cf2be11b8567cd83e18170508a8,13
0xb51705f73fb91110e070995f2681e0540b808a96,13
0xc3b25a01e431ca58a14ee5b78c576bbab94e8d8e,13
0xf3a45ee798fc560ce080d143d12312185f84aa72,13
0x6c13a46618f8cbffe45ce801d0fbf8e86cb7e771,13
0x643d2934b1df526e2a4e09ddecd71c147eef6658,12
0x537b3f5cde9ee79838017aba93208e89b95a4e7f,12
0xd15413ff564203209491031dc44638e3a7642819,12
0x36de990133d36d7e3df9a820aa3ede5a2320de71,12
0x99d36a826326504e83171403d142b71486b5aa01,12
0x8c939ddd5eb209d5eac8a9a87a249d3a866a6d6f,12
0x5992a8e52a9fda90342eb66e6fcef44b41137fa1,12
0xad31217c81ce01fe36c205f6b48cacbe30961d3a,12
0x123915175dfbf43c9b738f52e323ba30c86753aa,12
0x33188b87314b0fcac782abe72dda1635f223542c,12
0x6b09e357b06f9aded8dbcf02c460b1615112220d,12
0x12a72800d8588d7cc95f1b381fb9589b299b7ca4,12
0x6152da6fc0d7f7fe85b46d5218ffb0736d40ca4b,12
0xef79948d3889496970b3d2f8b3c9f0776f8c843c,12
0xbe7cb650240e819c666844d5a864524ed4c88097,12
0xe04885c3f1419c6e8495c33bdcf5f8387cd88846,12
0xc234ea264f26206be9347eaf2f5935f87f2f2195,12
0x9d9b92c756f16bcf6874c5dc66dd0ec8ce3f450c,11
0x72ebb840058d8817c1b7491d24bab81b651e374c,11
0x7b7c3b8c80fde62ccb490033c462f74c903ad78e,11
0x6d5de6cb1e6ae08986dab1407333e3c3f8e7cb94,11
0x52de09bfae6c142c14bfb993baaecb6fd371e523,11
0x357b48395747aaf8f74b8c9cbfaa3364b91f03fd,11
0xdeed78eea3999c5f2ac2f344de9f459a2f0b10c2,11
0xaf60442d026c52aa514434621e34ece57a66e50f,11
0xd4c80637f45a55b5e1afa9cd0c935395063d4523,11
0xa3c0c80bab54913a3d42b205315d96b46f339888,11
0xb8c1fece2c2928b1e985f59e8546c2f0c13296d4,11
0x138dd537d56f2f2761a6fc0a2a0ace67d55480fe,11
0x130390dcdcd48692fef21d4aa68e3d97cdec3445,11
0xc9197416ef1ee8ec5723d1e3c89b5ec5f2c8a62e,11
0x120d3cd9c51b571dac34d7011f8d13984e017cb8,11
0xfd619f91c38a86be881d8ed4b8ef88de1e1afd50,11
0xa8e9e4d0f213736b463ebeff5b92dc8ef873f772,11
0x3e3210c7df16fa815b8502a17383c191d00878ad,11
0x356da2fedae2e6eb17ed5e65c110f37dae1305ae,11
0x3932f608f69eeb3e58ee067be0b03ca4d82da6fb,11
0xacbfeb64e42809aaef7b691aaeff14a77b5f70ab,10
0x3d936ead60b0f432fcc18f15c9a47fa7dd7a9bfe,10
0x52074b812ede01cd93f66fca83649af1a44e9c7d,10
0xc7615db1a95529371ab9f400c5fd30b638b8d6c7,10
0xfe9fb8454c3f0a1b4ea9447488e92a61e9bba646,10
0x0bf10fce2500948738262f97b1e843fd39ebad87,10
0x2a2d2b455df66c0ef75cb44e66380279f513698b,10
0xba5fba9e705f76d30e620607d76d18d3dcf9b2ab,10
0xf6ce5012cda535fffc151e6c4ee5a0dfb851bbc8,10
0x52dea4ff6b30a4f9bc6bd5f9f9646e3301915501,10
0xfefe8b7770e1ccfd34d05d75bcb17c0b32b368b1,10
0x5e68f9388c5d9d956bea23f51785960f89e2e653,10
0x03fbdb3065e954859b205b834a473c7a9e6c9562,10
0xda25d4799249e428988b0782cba5e549056911b5,10
0xfdc29453a71fd338f156c6f923f29ac481953437,10
0xbca597edf6da15edd68b4ca77af9df60d2489c5c,10
0x9c03266b25c3fcd2200d7cf55cdfe785d19f6dfc,10
0x6bfb033c1b882f494770ffdcbca1b67e62d960fd,10
0x7c0aa779010480216b1c71a685eb4a488f7daaa7,10
0x78818392737ca51c1f90565b4bf9d8ca388242ac,10
0xdcbf721551a937768537458c61005f1cbecb043c,10
0x98855c7480282fb88b12a4fb2defae34bf1e7604,10
0x8a9537ea342ebb6d95de5c26fa3d6687dec12583,10
0xe07071de44ea26b99c8a5d4a811f8ac038994000,10
0x31241a60b66c6dc8ee9b9a2aea88ae22a0685cb7,10
0x1dcd8763c01961c2bbb5ed58c6e51f55b1378589,10
0xcedec45e06cbb9032625830c5ffb0cf3fad1cf67,10
0xabfdcc9ef7db060598b5dd20c7328feebe47e995,10
0x2d41673e8285c19a04c6410d934aae5194aa019d,10
0xa4142a998eed156228b2f925a43fcea25f363cc5,10
0x010cea5688812eb04a1cdc259d679dc9fc3734ff,10
0x0b4021949d29fad2511a8ce54eeccb6f4566117e,10
0xfa833a5540c3520582dca433013046a3cb1c3603,10
0x7a97484f57d98a62b0195d79b9600624744de59c,10
0x8b06de5a8713ba0194df797ea8ff3ce22cd3533e,10
0xaca3a614f54d7f570644b6a0b4253b16dabf45af,10
0x4e885dc0d90bf27ce07c9630686ff68e976a0bcb,10
0xe8e83ddfc373bbbd22edf5a80a30ec7ded8f2b47,10
0x375e030351fe061cbb8d788c217b588f4b540aad,10
0x59fad3a10542de7afeff43f8f760526c5d2fa2c6,9
0x6fc0c157b2ad8530d286e416316c60aa520d87a7,9
0xfc13f76e0ad1e047bfa1c657c8b5431c651e88cc,9
0x0674325d501805bc2961bb3c7c40767479d0088b,9
0x607502216cfe3bfe8407ee5ef62e9a4cfefcb66c,9
0xf2f4681962980c6478636c43b6debe1cafd48007,9
0xafaa18801d669d2161b0652ee3a0bfa033c398e4,9
0x590dfbd53781c6d9d8404eb8e1847fea1afad319,9
0xe5b485fb0ec167e8a6874aca9daa81ed16c66921,9
0x268268073c6b93e126f0de65b7e04f2ef070e455,9
0xe198402d97fb5b557a85f2eca89068316cf66f48,9
0x010ff97670fb68c1e11ad5f9823471bd43672eb7,9
0xbbc38a146b09c14dffe82171335aa82c0305cbaa,8
0x7cba011b37540db6c976c370b0dffe0775d1d400,8
0xae543c8a86cc7d0437687e7778fdb771efe0b322,8
0xb628fec719c5dabbd1a886ef97e629da960c2323,8
0x4ed1fa5fb1dfac6fc8d88209aab1db2aa7e2cc04,8
0x5a048763b24442daec00f59a6b6b81658ee69a89,8
0xb40e8693780b0f38acb10cdfb12cb85ab410d8a5,8
0xe589823e454dec27621a81279c7dc8bffc07ba96,8
0xf90065265fd4372c24ba84368fc3db952b2686a8,8
0x5c70b297e2e12e305f9d4dcbd8887161400fe9aa,8
0xaa6c428767ac8005767108b62df1c720f32c1919,8
0x239bf9b0725ff2957d5ce253248ba1da0db38dea,8
0x2a09b13628ef688be594c2e3e4b2845e24590eaa,8
0x40a3c250f49e956e59f7c159c0d1be89f157bca3,8
0x34cadcc82e8df5278d3e7145be1214ac8c0f7e0e,8
0xf904ce88d7523a54c6c1ed4b98d6fc9562e91443,8
0x20c28d521862395215bcd3c4c1e77cc9c2cee52f,8
0x05d494ffde8e4870a7ba731b019ea8beb6bffbba,8
0x64a49f1a3d2551e72f9d2007de1f46d83cf5611a,8
0xc91283222ec3024b4a33a4be885a7abf7aa9faf6,8
0x6a6583bf96f9fe5865f75606dd6f8a333a28d881,7
0xe0e214812e17e6b2510a30d81d309c50e51074c2,7
0x2324ac6b264c05ecd5d772403346629a8c6ba31f,7
0xe4b40d31d3a5d5088cbcaf0b51b1fe347f02c7f5,7
0xcff05e83a02ebfe595bcc55958b5f335a612888c,7
0x78cf807e8a3235c868e8631fce83985a57054acd,7
0xe00cf9a533d26560aa2ecfd5505fe9379ce4d18d,7
0x9f07d45c1406d1df5c320b8ca5c5c36ab7ca2d71,7
0xa709139a1bb29d9fef3a80508f3bc174cc4e32cc,7
0xf1d95b16ad45114e2703e79269835888b58ac6c9,7
0xba0ee24bb5ad8d9b3587a54480a695d1e77c2f04,7
0x662127bf82b794a26b7ddb6b495f6a5a20b81738,7
0xa015fe2a1947b23ad454e699f8cbbda419671f5e,7
0x5640d1dd7cb444497393871df43bf325ec257100,7
0x8792092ff4bf0204e0814446f72d1eab7e855fc5,7
0x369744a85c7eaccd335e13bf20c4dcc5455365c8,7
0xb0240794108fd89c99bb828c9ebc0e7d9703c2f8,7
0x50ba5412c06b4f49a43e5408bb0cbc76ff167928,7
0x42cf75ebf6a80daae8be438d145ab321c1b54885,7
0xc1536055a3505749707c26a49564b4cf3d5ec851,7
0xcd032e034d8b35191e9b7edfd437a4653dc6cf93,7
0xa1d887c74ca2b2a3e0f9f45832d9854426cd0f3f,7
0xf4117e110215f2fbbd14bb09d3c9cc3fb699737e,7
0x42ef36cd6630dd02573e2e11b10bc87f28eb1e39,7
0xd05a80d105b38c064c8df535d5858be806b1a6da,7
0xfdf3636bd54bc854f7ab167fc74bdf6f9db21af2,7
0x07ef57b1d9615f353c33d33726f81b5305efc44a,6
0x0378ee7599292d42a1d922e45feded64b3296392,6
0xa6e83f2dc53fb4a0a57103622eb3e578e81c9f9c,6
0xb9447ca592c68d56ee481d5d12adf11db1008a72,6
0x474be74513be870a96975f3eec7f236849838651,6
0xd157d6f9f904879d44d59bda39503da7e6bfa20a,6
0xa6ea206ba7d9076ac45bae5dfa8073c251fa1065,6
0x3f25274a529dcbee964005404d59e871ebcf5bc1,6
0xb337bec98db6b1df13e6903b5692a26f9879e68b,6
0x8f4c0d36e34bde2e0b1d54ee53e78fd82d217c1c,6
0x4919e54e69ff53e02ffafecdb114f5fff8add327,6
0xea8bd4656e2b29d044dd9ba89cabd8dd1538039a,6
0x9b0ff279fa619925fe185e4ea4e32d7ca99ee9d8,6
0x860b778d46d74f3137935275024ec34e30e3bae7,6
0xeef8084b2d7277a9005f59fdd6bfe3f78817f5f6,6
0x9888c2fe6c97684c67c14c6ba640efcbcc7f357f,6
0xd1cbb547b88f019a41e2efeb60c07fb79e79acfa,6
0x48078a76762c28083eae012a144160b71c424663,6
0x2bbf34c5eaf9498c88c9d1cd04f3885da53670b1,6
0x6803624b9493f624c65bab3f06f1ff326c5217fd,6
0xa17e6913ccee329db44dec5c6030369c50842bed,6
0xcc69d989f2e48418deddbf53bbf6ca484ee857ea,6
0x38393b454bf8b42d3a3229d7920471590dc90e02,6
0x5ba7e42bd7311f538e2cc770d6569172331bbde1,6
0xc9582d09acdec05aa8fee7fdebb5f10b7e9d039f,6
0x45eecb472a8e2235c2cc0d94ccc4a4e8c56af2ab,6
0xdaacc5581a8ff1d67d587720ccae6c4ef0251355,6
0x2090f3127939fa7f127720139613f8496102693e,6
0x8e643c52bdaa3b6046f217f957a95f87821ad988,6
0x738df6bfd711d04416daa15b10e309fdf5dd5945,6
0x8ea69fc40e8c14387aa3a843a1ad478a6ef39963,6
0x93b8221c1f124739de5affb31d9cb2eec0b3f933,6
0x6f0338e6df8da002d1a8d759511ee5e292e64d24,6
0xe9b3e25ce6764970e5a0e41af5a82aecf4f578ed,6
0x63eeace51278ea4d87962c3149be0477247aae3d,6
0x2094892f0822f0866551838845a44ceca556a9b3,6
0xa2acc2548ba4988db7fb0821bf02b66266e9de8b,6
0x026ae8495f4d99dd699bddebf7ecc50d579d03c8,6
0x9760701e5565b65d832cc289d02fc8fc794e8e22,6
0x794d3be3e1f3792a7397c84997fc28e081745c1f,6
0xb844871ad479fcf741bec66be242e80127ba0e55,6
0xce7298e5ef1ae8af0573edc2ebd03ab0f837e214,6
0xc05a8e58bce28fd4c5934b045bcd5bb3c7d0aba2,6
0x47082323b725282a6ed8ed14484a1c20cdc5cf26,6
0xbf38c1333dc9a49f38688a90219e9ed3ecd18509,6
0x24609855eabebdbf99bfaa49ab63f76e8e9cfe2a,6
0x7d7d47a1b3e9a29c6725e68613d3d46bd24b46ee,6
0x02733a9c0ed3de49d19180dd41f1f66b3fe57a04,6
0xabc029846492f0680b68cf710ab516b86e1801f8,6
0xfbd2519e8abe48aaebaa85a35315473621014775,6
0x3e5d3f97a0a4b5c099a8452591e404e8f2cd834c,6
0x834fe96456115029871860ee88db1d4e12d8eb1b,6
0x2b243c46d59ded877d1bd043f5debf7d0b3c7ef7,6
0x81b9a5f21efdb5df0210471b9a94e0d4ad9951ed,6
0xa34efc758009e9d8683d9be06e5d559fe30f1874,6
0x4eb80ad40e1e63ddbfd4886a3ac97b2cf1884b76,6
0xea68dcddaddd4a92acc4813bd84dad6c2042ba80,6
0x4030956154fa5a917a6afb66d2fab8ade845c7cf,6
0x86b6969cbaa76f38f263d7677a916b0ebee4e00a,6
0x12c6920a4acc4dae6b3992903a48adcbffe5dc5e,6
0xd61daebc28274d1feaaf51f11179cd264e4105fb,6
0xe3cf7fc340c22c0e6929595e395441b4bb392b01,6
0x9c29c4bf1defef8e4bd1e91105a4d2ddca99a0cf,6
0x82f402847051bddaab0f5d4b481417281837c424,6
0x6b188d779c190c7809c233ef23a439f17a65f3d2,6
0xe3bd218858ad1c8876a61d4575e65b62f8d7cfbc,6
0x6818041973e32a56705b84632a7889f9a7faebee,6
0x67f59575715d1a8b6ee96c2a4c362fcdf730e21f,6
0xde13f752a3b12a8918ff84bc048a50b73f5240a6,6
0x77d38e690a35b376dd99bf9b3ae8cb0d9e9fd2e6,6
0xac714981b5db2612768e11f30d8d3bba069242d2,6
0x4ba245c3d3ee8509e7470fa86ef921ad4a8fcd58,6
0xe549ffde119a7d0a1d3587e64564a423912c89c7,6
0xed79705695820295521178096d3c6d7655ceb3bd,6
0x3f2823cd5bb1235a840487567063211722371979,6
0xb3904b1e9658feba1681139f5d19b1fde797d6ac,6
0xb8c270e2862e333468e70e81d406f6a2e06ffec1,6
0xef8d44e54d8be26a55a2b13e1e055019182b3824,6
0xc3afe202025be8b53c491582bc92934631e8c58a,6
0xdfc867d43bf3427206f5bf97ef14ce54daabee51,6
0xf3d9281fa183b74f32b96e1c5244596045f4ede8,6
0xfaf878dcd715ae2eeffc33183b36a54d48061a16,6
0x6b9dab86c7b3092e79d443f489674aba23365755,6
0xa06fb2c3892b134eb728ed2a96b897bd7ab003c9,6
0xd5406a6e0c32d229b058e07d26814568f1d94ce9,6
0x76ec6a4855a5ac80918df92fa025b250eab50014,6
0x3d79ed91a03b1d877dec2b304237725a1052000d,6
0x817e02c7a4d65f115b4ce7fa73520f308aab9b45,6
0x9259f1d4d54873c2b928fb5679dba0c5046acf20,6
0xbfca7299e26fc24645cf7deec3d6b17672697937,6
0x5078328036e21c42426d9514378d782e489c9844,6
0x1dccbd9a44807844afa6a9b742c569d3f7aca53b,6
0x6ab0c171018c0a5dbbc408b0bbf5b233ae406ca4,6
0x23b59b385d5ad503af3ece9bc9dfccf0b9f37f10,6
0x02fd2b2a2a47ae1e66b6bbf2655639d916c8eba8,5
0x20f3a866a3600d55c632c0ef928d707fea54608d,5
0xb0fcfa02d663e360088bbaf6aaf3f977b4f9502b,5
0xe883b2b41123827add867d19a841e070b9f047b9,5
0x4c905e45584c0ef4bdea0952b2a7975ad346f51b,5
0x0a1a2f4e58a20bd6b434f4dec00ba3c12427b600,5
0x3a70e8c00f3bcf3eb845b6b6928aba92b465c183,5
0x24f8774b0f0c9be622fe9b727afa2d7ac1a71777,5
0x12cff5732c44d7cd08d4f8171d393dbbd1947fe3,5
0xffe4a1b4ce1f9b32c19b26c4b50645be553af501,5
0x0241f4dd0574bd6b6f0a6cd1839757ffe72dd7f7,5
0xa2d8f079e8326209aacc39731a2aa821ff643159,5
0x60f634e0cddc9f0347b0ebf2d5cb83933ed91b69,5
0xd84e11bee5d555ccd905817cb8cbbd5b6e6c4f0d,5
0x362689b38239aa2fdbca61bc34881fbfb91bc5bf,5
0x6dca0cd6d32664f30b45b2a39a9eb1462e3b3589,5
0x2dcb6252df2d65117a5f076b89489996873be4bd,5
0x51ab4592c6e8874c48c876293b4d751413b55cd1,5
0x51286013d10cf5781837a72a2f3959a93b3f9005,5
0xc197f289d017730e7dd86757bc14feda171e39d9,5
0xd65865bb90284005e380e0ea2bab6bb74ba04966,5
0xb6cfa6665537a9f6b1138379c3e33b5b2eaf18d6,5
0x6bc1e4528f5bd403449380b5d0ad9b44968b06e0,5
0xfd1d4b215bb888804d5dbfa632d2359d100fd9c6,4
0xd7ab85e97a8133905d79ece32521788f5f8f04d8,4
0x7edb0cbfe1217fe53af0fb871d92c1c627c6673c,4
0xbcd9d635e3bfcbdb9938ae2b94c416260ccab2d2,4
0x26235d2be231e97a15c5387e47ad54a0e09d7cce,4
0x650a3f33606bef863abddc17b7838563b642121b,4
0x695b3a84b9ae1186c49361b7b732c92371d4cdc9,4
0xef6af79e8aaa81d265a76724c9ee0e1dc02820d2,4
0x03b32442d37fbdb8b5be09a8b82f6ba5269444b3,4
0xfb7399cfd9007b130d42d825bc539b6eeb92e7e0,4
0x5371e4af541fa24667f2292fd81918d0255f5bf1,4
0xbd4fe6adafa8ce76fb72f66837fa84bfd7448da4,4
0xa1a7987a7d72befdd9d0ab8d69c8bcfd97e7c476,4
0x804026d152b7247d98bd7cba6f02ae4d5308de15,4
0xb12ffa28ccaa94da895165b994972d2fa5705fe3,4
0xfec0ad833fb7d20a83e373279f37c88159bad99e,4
0xd532822764d1e15bd46af3525c82db2e50d45b3d,4
0x10371b56b9175e9101cfd6da8103cd3dfe41cba0,4
0x9ce00a19e8a7f296b98c001ce01673121ca3ed7f,4
0xfef2c2186407e4c3fa3ad5dc22a6b2e6e3924814,4
0x89aa02c42c70d5b4b198e8aa9b4c37a1bd3374cc,4
0xa3407885239be1e7ab687983652d681014c67d5b,4
0x28dec5b203e5ee8dda5a3e31b08ed49c20bddf80,3
0xbc067e8abd7ce340b86ca6a16e734cf2f2c3823e,3
0xaa081986de775717353423b8db35d05406b1b78e,3
0x3d90ba59ad90c9d7c6ffac2cf55ae6ced557156c,3
0xe0e336facf9caab2f40d2b93400c22caa2382999,3
0xb7bf6701d4904e8dcee5582a55f5c00c1a0d52cc,3
0x8d5ff638382a4640f8959561f4ba0a65d8f44753,3
0xb8066cbdbd15c2b374493c84f462cd9ba52cfd8e,3
0xc39dbbe31dc0395adbcec67f63a3708d542db836,3
0x1f5e581a5c15df284f80f23b69204c7564e9c0fb,3
0xaa79978bef2e80c6cd8520239e297dd7f0763fe5,3
0xb9e29984fe50602e7a619662ebed4f90d93824c7,3
0x50291ebc13d026eefed33f9305491c71eeaa543d,3
0xc7f7ce71cdc138aff40a7f352c1edbeeb0b394ab,3
0x80fe04672bdf3526bcd5c1d167f1aadf53faaf57,3
0xd01b7b0feb5772312d37f615b81aacd40a5faa45,3
0xb52a0d0b98954647fe055ba24904b2e1cce0fa77,3
0x08883166cc38107ecf98e7b01bea7c904f481cae,3
0x0c95e85d2622d06880d76f203e4bf83b95bd4b2f,3
0xb91276c626f27e23155d8f52faf6e96c7da49684,3
0x35cd6e080511b47994ebfe1c1e201a1c432fec2b,3
0x944b23a3fa8610cac25641c35ce49fdb68aa0d12,2
0x91fccd22a88994b85a05a5bdd35492c4880ef092,2
0xfc96f1386fa40a32cf3a3aa1d54973897b596056,2
0x4774e22995d60558082f0b273b61c67e9012849c,2
0x7c3cd1e9d1d6846997c0952f860224f57640f9e3,2
0x71844c8f52784800ca851f32c39ee782a0e4be00,2
0x7476575fe0aa273829c87e6e41b1924cbe529f5e,2
0xef5648f65624aefa2b376c7476ee1863ee3d94d2,2
0xefd36857b07a92b9b4f8f10c7aa375fbe2e4abfe,2
0xb729e02dd717833b327dea2fa9af77fe8457a1c4,2
0x80f74345384ae7217b5bcdbb8ecca7e62d885a17,2
0xc649fca6524014433aeeb926f26dddf984216322,2
0xef89dc79f09c67ff06eae8f1fe0d5fabcee8fa8c,2
0xda7f874e5fd5d47018a4d2e16b51c2927bc76388,2
0x16326942e4abf44567f44a23ae7c5350441b1a38,1
0xe765128dce8df278a4554c0fbceac50d4e61546a,1
0x5047773452434f0ae1325ae0a13d9400acd257bf,1
0x0d0b8fffd8f0ab8a88c459d8b8c3246336f15da7,1
0xb85fcca7a189e0aece9994dbebfcd5be386e16b1,1
0xdfeca04ecb9734c8a646cb4fac59e4b332cc90c5,1
0x8a2a8fe4f8b1fc7e235b989e79307d162724b30b,1
0x70dfbf65275b0d2cc1f5ea13d20079d095885747,1
0x2eb9b439ffb7dc587198e1534e465a6242192b24,1
0x66b352c40a305671bd2e1e8d1679494245106ae9,1
0x0df0ccb49cf60f5e1aa6f9226f492d8eff4cc64a,1
0x9ed79ecf16661af4ad23034434106a2e9d4c689c,1
0xaa7a9d80971e58641442774c373c94aafee87d66,1
0x1dd8d84e83a13cc66f076a775f971ccf9fa11bf9,1
0x3d9795d954bf3aafa2d410317b37bb4919e10786,1
0x6a68c3b7508147af4f7bd1d6567c4ecb807e5ed0,1
0x3cbd91e7df68837e969a43c8d56653078565ee8c,1
0x76271c825f645610e98a04b2399ebf3e6ceb609a,1
0xd0ae0eb0cf1cf3d5595d4c3a2e7e7a8fc3f74407,1
0x0ed09090bd4b1ba8d7bc3563242c235f30452b33,1
0xc89d98a67d75cdcc2cc2320177790470f021c704,1
0x195a6afc210417c88c180517a9f2e6b2f0d31074,1
0x2a9b3b8f37a4d2e7aa73cd79454b4fa619156987,1
0xdb9d8a2f06101e5b7f8c28f6b2cd8d3e3f5177ee,1
0x405a91f8c8ff4f7a2c7604f9a86a6f9db7ae53c9,1
0x808e017286681d9bfcd2449bac7358b7e51db552,1
